Workbook

Sheet Paramètres
A1: ⚽ FIVEUR ACADEMY — Since 2023
A2: Mauritanie — Paramètres & Tarifs
A4: TARIFS FOOTBALL (mensuel)
A5: Catégorie | B5: Âge min | C5: Âge max | D5: Tarif (MRU)
A6: U5 | B6: 3 | C6: 5 | D6: 2500
A7: U7 | B7: 5 | C7: 7 | D7: 3000
A8: U9 | B8: 7 | C8: 9 | D8: 3500
A9: U11 | B9: 9 | C9: 11 | D9: 4000
A10: U12F | B10: 10 | C10: 12 | D10: 4000
A11: U13 | B11: 11 | C11: 13 | D11: 4500
A12: U15 | B12: 13 | C12: 15 | D12: 5000
A13: U15F | B13: 13 | C13: 15 | D13: 5000
A16: TARIF CENTRE DE LOISIRS (mensuel)
A17: Centre de Loisirs | B17: Tous âges | D17: 2500
A19: FORMULE COMBINÉE (Football + Loisirs)
A20: Réduction combo (%) | D20: 0.2

Sheet Inscriptions
A1: 📋 FIVEUR ACADEMY — REGISTRE DES INSCRIPTIONS
A2: N° | B2: Nom | C2: Prénom | D2: Date de naissance | E2: Âge | F2: Sexe | G2: Téléphone Parent | H2: Adresse | I2: Football | J2: Centre Loisirs | K2: Catégorie Foot | L2: Tarif Football | M2: Tarif Loisirs | N2: Tarif Total | O2: Statut Paiement | P2: Date Paiement | Q2: Observations | R2: Date Limite Paiement | S2: Retard (jours) | T2: Statut Délai
A3: 1 | B3: SIDIBÉ | C3: Younous | D3: 43271 | E3: =IF(D3="","",DATEDIF(D3,TODAY(),"Y")) -> 7 | F3: M | G3: +222 49 83 01 84 | H3: BASRA | I3: Oui | J3: Non | K3: =IF(I3<>"Oui","",IF(E3="","",IF(E3<5,"U5",IF(E3<7,"U7",IF(E3<9,"U9",IF(E3<10,"U11",IF(F3="F",IF(E3<12,"U12F","U15F"),IF(E3<11,"U11",IF(E3<13,"U13","U15"))))))))) -> U9 | L3: 1750 | N3: =IF(AND(I3="Oui",J3="Oui"),(L3+M3)*(1-Paramètres!$D$20),L3+M3) -> 1750 | O3: Payé | P3: 46122 | Q3: Manque identité | S3: =IF(OR(B3="",R3="",O3="Payé"),"",MAX(0,TODAY()-R3)) | T3: =IF(B3="","",IF(O3="Payé","✅ À jour",IF(R3="","⏳ Pas de date",IF(TODAY()>R3,"🔴 En retard",IF(R3-TODAY()<=7,"🟡 Bientôt dû","🟢 Dans les temps"))))) -> ✅ À jour
A4: 2 | B4: SIDIBÉ | C4: Zackaria | D4: 42394 | E4: =IF(D4="","",DATEDIF(D4,TODAY(),"Y")) -> 10 | F4: M | G4: +222 49 83 01 84 | H4: BASRA | I4: Oui | J4: Non | K4: =IF(I4<>"Oui","",IF(E4="","",IF(E4<5,"U5",IF(E4<7,"U7",IF(E4<9,"U9",IF(E4<10,"U11",IF(F4="F",IF(E4<12,"U12F","U15F"),IF(E4<11,"U11",IF(E4<13,"U13","U15"))))))))) -> U11 | L4: 1750 | N4: =IF(AND(I4="Oui",J4="Oui"),(L4+M4)*(1-Paramètres!$D$20),L4+M4) -> 1750 | O4: Payé | P4: 46122 | Q4: Manque identité | R4: 46096 | S4: =IF(OR(B4="",R4="",O4="Payé"),"",MAX(0,TODAY()-R4)) | T4: =IF(B4="","",IF(O4="Payé","✅ À jour",IF(R4="","⏳ Pas de date",IF(TODAY()>R4,"🔴 En retard",IF(R4-TODAY()<=7,"🟡 Bientôt dû","🟢 Dans les temps"))))) -> ✅ À jour
A5: 3 | B5: DIALLO | C5: Youssouf | D5: 42071 | E5: =IF(D5="","",DATEDIF(D5,TODAY(),"Y")) -> 11 | F5: M | G5: +222 48 44 07 94 | H5: ILOT L | I5: Oui | J5: Non | K5: =IF(I5<>"Oui","",IF(E5="","",IF(E5<5,"U5",IF(E5<7,"U7",IF(E5<9,"U9",IF(E5<10,"U11",IF(F5="F",IF(E5<12,"U12F","U15F"),IF(E5<11,"U11",IF(E5<13,"U13","U15"))))))))) -> U13 | L5: 2000 | N5: =IF(AND(I5="Oui",J5="Oui"),(L5+M5)*(1-Paramètres!$D$20),L5+M5) -> 2000 | O5: Payé | P5: 46122 | Q5: manque photo | R5: 46142 | S5: =IF(OR(B5="",R5="",O5="Payé"),"",MAX(0,TODAY()-R5)) | T5: =IF(B5="","",IF(O5="Payé","✅ À jour",IF(R5="","⏳ Pas de date",IF(TODAY()>R5,"🔴 En retard",IF(R5-TODAY()<=7,"🟡 Bientôt dû","🟢 Dans les temps"))))) -> ✅ À jour
A6: 4 | B6: THIAM | C6: Mohamed | D6: 42138 | E6: =IF(D6="","",DATEDIF(D6,TODAY(),"Y")) -> 10 | F6: M | G6: +222 41 53 98 46 | H6: CITÉ PLAGE | I6: Oui | J6: Non | K6: =IF(I6<>"Oui","",IF(E6="","",IF(E6<5,"U5",IF(E6<7,"U7",IF(E6<9,"U9",IF(E6<10,"U11",IF(F6="F",IF(E6<12,"U12F","U15F"),IF(E6<11,"U11",IF(E6<13,"U13","U15"))))))))) -> U11 | L6: 1000 | N6: =IF(AND(I6="Oui",J6="Oui"),(L6+M6)*(1-Paramètres!$D$20),L6+M6) -> 1000 | O6: Partiel | P6: 46119 | Q6: manque piece payé bankly | R6: 46117 | S6: =IF(OR(B6="",R6="",O6="Payé"),"",MAX(0,TODAY()-R6)) -> 27 | T6: =IF(B6="","",IF(O6="Payé","✅ À jour",IF(R6="","⏳ Pas de date",IF(TODAY()>R6,"🔴 En retard",IF(R6-TODAY()<=7,"🟡 Bientôt dû","🟢 Dans les temps"))))) -> 🔴 En retard
A7: 5 | B7: THIAM | C7: Adama | D7: 43781 | E7: =IF(D7="","",DATEDIF(D7,TODAY(),"Y")) -> 6 | F7: M | G7: +222 44 89 92 74 | H7: KOSSOVA RYAD | I7: Oui | J7: Non | K7: =IF(I7<>"Oui","",IF(E7="","",IF(E7<5,"U5",IF(E7<7,"U7",IF(E7<9,"U9",IF(E7<10,"U11",IF(F7="F",IF(E7<12,"U12F","U15F"),IF(E7<11,"U11",IF(E7<13,"U13","U15"))))))))) -> U7 | L7: 1000 | N7: =IF(AND(I7="Oui",J7="Oui"),(L7+M7)*(1-Paramètres!$D$20),L7+M7) -> 1000 | O7: Partiel | P7: 46119 | Q7: complet | S7: =IF(OR(B7="",R7="",O7="Payé"),"",MAX(0,TODAY()-R7)) | T7: =IF(B7="","",IF(O7="Payé","✅ À jour",IF(R7="","⏳ Pas de date",IF(TODAY()>R7,"🔴 En retard",IF(R7-TODAY()<=7,"🟡 Bientôt dû","🟢 Dans les temps"))))) -> ⏳ Pas de date
A8: 6 | B8: KOITA | C8: Mohamed | D8: 42802 | E8: =IF(D8="","",DATEDIF(D8,TODAY(),"Y")) -> 9 | F8: M | G8: +222 46 46 65 50 | H8: CITÉ PLAGE | I8: Oui | J8: Non | K8: =IF(I8<>"Oui","",IF(E8="","",IF(E8<5,"U5",IF(E8<7,"U7",IF(E8<9,"U9",IF(E8<10,"U11",IF(F8="F",IF(E8<12,"U12F","U15F"),IF(E8<11,"U11",IF(E8<13,"U13","U15"))))))))) -> U11 | L8: 1000 | O8: Partiel | P8: 46127 | S8: =IF(OR(B8="",R8="",O8="Payé"),"",MAX(0,TODAY()-R8)) | T8: =IF(B8="","",IF(O8="Payé","✅ À jour",IF(R8="","⏳ Pas de date",IF(TODAY()>R8,"🔴 En retard",IF(R8-TODAY()<=7,"🟡 Bientôt dû","🟢 Dans les temps"))))) -> ⏳ Pas de date
A9: 7 | B9: KOITA | C9: Youba | D9: 43340 | E9: =IF(D9="","",DATEDIF(D9,TODAY(),"Y")) -> 7 | F9: M | G9: +222 46 46 65 50 | H9: CITÉ PLAGE | I9: Oui | J9: Non | K9: =IF(I9<>"Oui","",IF(E9="","",IF(E9<5,"U5",IF(E9<7,"U7",IF(E9<9,"U9",IF(E9<10,"U11",IF(F9="F",IF(E9<12,"U12F","U15F"),IF(E9<11,"U11",IF(E9<13,"U13","U15"))))))))) -> U9 | L9: 1000 | O9: Partiel | P9: 46127 | S9: =IF(OR(B9="",R9="",O9="Payé"),"",MAX(0,TODAY()-R9)) | T9: =IF(B9="","",IF(O9="Payé","✅ À jour",IF(R9="","⏳ Pas de date",IF(TODAY()>R9,"🔴 En retard",IF(R9-TODAY()<=7,"🟡 Bientôt dû","🟢 Dans les temps"))))) -> ⏳ Pas de date
A10: 8 | B10: THIAM | C10: Binta | D10: 43426 | E10: =IF(D10="","",DATEDIF(D10,TODAY(),"Y")) -> 7 | F10: F | G10: +222 41 53 98 46 | H10: CITÉ PLAGE | I10: Oui | J10: Non | K10: =IF(I10<>"Oui","",IF(E10="","",IF(E10<5,"U5",IF(E10<7,"U7",IF(E10<9,"U9",IF(E10<10,"U11",IF(F10="F",IF(E10<12,"U12F","U15F"),IF(E10<11,"U11",IF(E10<13,"U13","U15"))))))))) -> U9 | L10: 1000 | N10: =IF(AND(I10="Oui",J10="Oui"),(L10+M10)*(1-Paramètres!$D$20),L10+M10) -> 1000 | O10: Partiel | P10: 46119 | Q10: manque tt payé bankily | S10: =IF(OR(B10="",R10="",O10="Payé"),"",MAX(0,TODAY()-R10)) | T10: =IF(B10="","",IF(O10="Payé","✅ À jour",IF(R10="","⏳ Pas de date",IF(TODAY()>R10,"🔴 En retard",IF(R10-TODAY()<=7,"🟡 Bientôt dû","🟢 Dans les temps"))))) -> ⏳ Pas de date
A11: 9 | B11: DIARRA | C11: Ibrahim | D11: 40762 | E11: =IF(D11="","",DATEDIF(D11,TODAY(),"Y")) -> 14 | F11: M | G11: +222 41 46 24 13 | H11: 6eme EL MINA | I11: Oui | J11: Non | K11: =IF(I11<>"Oui","",IF(E11="","",IF(E11<5,"U5",IF(E11<7,"U7",IF(E11<9,"U9",IF(E11<10,"U11",IF(F11="F",IF(E11<12,"U12F","U15F"),IF(E11<11,"U11",IF(E11<13,"U13","U15"))))))))) -> U15 | L11: 1000 | N11: =IF(AND(I11="Oui",J11="Oui"),(L11+M11)*(1-Paramètres!$D$20),L11+M11) -> 1000 | O11: Partiel | P11: 46122 | Q11: complét payé bankily | S11: =IF(OR(B11="",R11="",O11="Payé"),"",MAX(0,TODAY()-R11)) | T11: =IF(B11="","",IF(O11="Payé","✅ À jour",IF(R11="","⏳ Pas de date",IF(TODAY()>R11,"🔴 En retard",IF(R11-TODAY()<=7,"🟡 Bientôt dû","🟢 Dans les temps"))))) -> ⏳ Pas de date
A12: 10 | B12: BA | C12: Amadou | D12: 41038 | E12: =IF(D12="","",DATEDIF(D12,TODAY(),"Y")) -> 13 | F12: M | G12: +222 46 33 74 63 | H12: SAMIA EL MINA | I12: Oui | J12: Non | K12: =IF(I12<>"Oui","",IF(E12="","",IF(E12<5,"U5",IF(E12<7,"U7",IF(E12<9,"U9",IF(E12<10,"U11",IF(F12="F",IF(E12<12,"U12F","U15F"),IF(E12<11,"U11",IF(E12<13,"U13","U15"))))))))) -> U15 | L12: 1000 | N12: =IF(AND(I12="Oui",J12="Oui"),(L12+M12)*(1-Paramètres!$D$20),L12+M12) -> 1000 | O12: Partiel | P12: 46120 | Q12: bankily manque identité | S12: =IF(OR(B12="",R12="",O12="Payé"),"",MAX(0,TODAY()-R12)) | T12: =IF(B12="","",IF(O12="Payé","✅ À jour",IF(R12="","⏳ Pas de date",IF(TODAY()>R12,"🔴 En retard",IF(R12-TODAY()<=7,"🟡 Bientôt dû","🟢 Dans les temps"))))) -> ⏳ Pas de date
A13: 11 | B13: SAKHO | C13: Boubou | D13: 40774 | E13: =IF(D13="","",DATEDIF(D13,TODAY(),"Y")) -> 14 | F13: M | G13: +222 49 07 16 53 | H13: CITÉ PLAGE | I13: Oui | J13: Non | K13: =IF(I13<>"Oui","",IF(E13="","",IF(E13<5,"U5",IF(E13<7,"U7",IF(E13<9,"U9",IF(E13<10,"U11",IF(F13="F",IF(E13<12,"U12F","U15F"),IF(E13<11,"U11",IF(E13<13,"U13","U15"))))))))) -> U15 | L13: 2000 | N13: =IF(AND(I13="Oui",J13="Oui"),(L13+M13)*(1-Paramètres!$D$20),L13+M13) -> 2000 | O13: Payé | P13: 46122 | Q13: cash pas de photo payé complementaire le 15/04 | S13: =IF(OR(B13="",R13="",O13="Payé"),"",MAX(0,TODAY()-R13)) | T13: =IF(B13="","",IF(O13="Payé","✅ À jour",IF(R13="","⏳ Pas de date",IF(TODAY()>R13,"🔴 En retard",IF(R13-TODAY()<=7,"🟡 Bientôt dû","🟢 Dans les temps"))))) -> ✅ À jour
A14: 12 | B14: DJIGO | C14: Cheikh bay | D14: 42340 | E14: =IF(D14="","",DATEDIF(D14,TODAY(),"Y")) -> 10 | F14: M | G14: +222 49 47 01 42 | H14: CITÉ PLAGE | I14: Oui | J14: Non | K14: U11 | O14: En attente | S14: " | T14: =IF(B14="","",IF(O14="Payé","✅ À jour",IF(R14="","⏳ Pas de date",IF(TODAY()>R14,"🔴 En retard",IF(R14-TODAY()<=7,"🟡 Bientôt dû","🟢 Dans les temps"))))) -> ⏳ Pas de date
A15: 13 | E15: =IF(D15="","",DATEDIF(D15,TODAY(),"Y")) | K15: =IF(I15<>"Oui","",IF(E15="","",IF(E15<5,"U5",IF(E15<7,"U7",IF(E15<9,"U9",IF(E15<10,"U11",IF(F15="F",IF(E15<12,"U12F","U15F"),IF(E15<11,"U11",IF(E15<13,"U13","U15"))))))))) | T15: =IF(B15="","",IF(O15="Payé","✅ À jour",IF(R15="","⏳ Pas de date",IF(TODAY()>R15,"🔴 En retard",IF(R15-TODAY()<=7,"🟡 Bientôt dû","🟢 Dans les temps")))))
A16: 14 | E16: =IF(D16="","",DATEDIF(D16,TODAY(),"Y")) | K16: =IF(I16<>"Oui","",IF(E16="","",IF(E16<5,"U5",IF(E16<7,"U7",IF(E16<9,"U9",IF(E16<10,"U11",IF(F16="F",IF(E16<12,"U12F","U15F"),IF(E16<11,"U11",IF(E16<13,"U13","U15"))))))))) | S16: =IF(OR(B16="",R16="",O16="Payé"),"",MAX(0,TODAY()-R16)) | T16: =IF(B16="","",IF(O16="Payé","✅ À jour",IF(R16="","⏳ Pas de date",IF(TODAY()>R16,"🔴 En retard",IF(R16-TODAY()<=7,"🟡 Bientôt dû","🟢 Dans les temps")))))
A17: 15 | B17: NBODJ | C17: Babacar | D17: 42736 | E17: =IF(D17="","",DATEDIF(D17,TODAY(),"Y")) -> 9 | F17: M | G17: +222 44 89 97 98 | H17: CITÉ PLAGE | I17: Oui | J17: Non | K17: =IF(I17<>"Oui","",IF(E17="","",IF(E17<5,"U5",IF(E17<7,"U7",IF(E17<9,"U9",IF(E17<10,"U11",IF(F17="F",IF(E17<12,"U12F","U15F"),IF(E17<11,"U11",IF(E17<13,"U13","U15"))))))))) -> U11 | L17: 2000 | N17: =IF(AND(I17="Oui",J17="Oui"),(L17+M17)*(1-Paramètres!$D$20),L17+M17) -> 2000 | O17: Payé | P17: 46120 | Q17: manque extrait complement payment le 24/04 | S17: =IF(OR(B17="",R17="",O17="Payé"),"",MAX(0,TODAY()-R17)) | T17: =IF(B17="","",IF(O17="Payé","✅ À jour",IF(R17="","⏳ Pas de date",IF(TODAY()>R17,"🔴 En retard",IF(R17-TODAY()<=7,"🟡 Bientôt dû","🟢 Dans les temps"))))) -> ✅ À jour
A18: 16 | B18: KANE | C18: Alassane | D18: 44064 | E18: =IF(D18="","",DATEDIF(D18,TODAY(),"Y")) -> 5 | F18: M | G18: +222 42 63 50 50 | H18: EL MINA | I18: Oui | J18: Non | K18: =IF(I18<>"Oui","",IF(E18="","",IF(E18<5,"U5",IF(E18<7,"U7",IF(E18<9,"U9",IF(E18<10,"U11",IF(F18="F",IF(E18<12,"U12F","U15F"),IF(E18<11,"U11",IF(E18<13,"U13","U15"))))))))) -> U7 | L18: 3000 | N18: =IF(AND(I18="Oui",J18="Oui"),(L18+M18)*(1-Paramètres!$D$20),L18+M18) -> 3000 | O18: Payé | P18: 46120 | Q18: manque extrai rajout payment mois le 17/04 | S18: =IF(OR(B18="",R18="",O18="Payé"),"",MAX(0,TODAY()-R18)) | T18: =IF(B18="","",IF(O18="Payé","✅ À jour",IF(R18="","⏳ Pas de date",IF(TODAY()>R18,"🔴 En retard",IF(R18-TODAY()<=7,"🟡 Bientôt dû","🟢 Dans les temps"))))) -> ✅ À jour | V18: il a payé le mois de mai 1000mru 29/04
A19: 17 | B19: DIALLO | C19: Abou | D19: 41134 | E19: =IF(D19="","",DATEDIF(D19,TODAY(),"Y")) -> 13 | F19: M | G19: +222 48 44 07 94 | H19: ILOT L | I19: Oui | J19: Non | K19: =IF(I19<>"Oui","",IF(E19="","",IF(E19<5,"U5",IF(E19<7,"U7",IF(E19<9,"U9",IF(E19<10,"U11",IF(F19="F",IF(E19<12,"U12F","U15F"),IF(E19<11,"U11",IF(E19<13,"U13","U15"))))))))) -> U15 | L19: 2000 | N19: =IF(AND(I19="Oui",J19="Oui"),(L19+M19)*(1-Paramètres!$D$20),L19+M19) -> 2000 | O19: Payé | P19: 46122 | Q19: manque extrait bankily | S19: =IF(OR(B19="",R19="",O19="Payé"),"",MAX(0,TODAY()-R19)) | T19: =IF(B19="","",IF(O19="Payé","✅ À jour",IF(R19="","⏳ Pas de date",IF(TODAY()>R19,"🔴 En retard",IF(R19-TODAY()<=7,"🟡 Bientôt dû","🟢 Dans les temps"))))) -> ✅ À jour
A20: 18 | B20: SOW | C20: Mohamed | D20: 42598 | E20: =IF(D20="","",DATEDIF(D20,TODAY(),"Y")) -> 9 | F20: M | G20: +222 44 89 97 98 | H20: CITÉ PLAGE | I20: Oui | K20: =IF(I20<>"Oui","",IF(E20="","",IF(E20<5,"U5",IF(E20<7,"U7",IF(E20<9,"U9",IF(E20<10,"U11",IF(F20="F",IF(E20<12,"U12F","U15F"),IF(E20<11,"U11",IF(E20<13,"U13","U15"))))))))) -> U11 | Q20: document ok payement ? | S20: =IF(OR(B20="",R20="",O20="Payé"),"",MAX(0,TODAY()-R20)) | T20: =IF(B20="","",IF(O20="Payé","✅ À jour",IF(R20="","⏳ Pas de date",IF(TODAY()>R20,"🔴 En retard",IF(R20-TODAY()<=7,"🟡 Bientôt dû","🟢 Dans les temps"))))) -> ⏳ Pas de date
A21: 19 | B21: DIALLO | C21: Souleymane | D21: 42896 | E21: =IF(D21="","",DATEDIF(D21,TODAY(),"Y")) -> 8 | F21: M | G21: +222 26 31 86 93 | H21: CITÉ PLAGE | I21: Oui | K21: =IF(I21<>"Oui","",IF(E21="","",IF(E21<5,"U5",IF(E21<7,"U7",IF(E21<9,"U9",IF(E21<10,"U11",IF(F21="F",IF(E21<12,"U12F","U15F"),IF(E21<11,"U11",IF(E21<13,"U13","U15"))))))))) -> U9 | O21: Partiel | Q21: pas de doc payement ? | S21: =IF(OR(B21="",R21="",O21="Payé"),"",MAX(0,TODAY()-R21)) | T21: =IF(B21="","",IF(O21="Payé","✅ À jour",IF(R21="","⏳ Pas de date",IF(TODAY()>R21,"🔴 En retard",IF(R21-TODAY()<=7,"🟡 Bientôt dû","🟢 Dans les temps"))))) -> ⏳ Pas de date
A22: 20 | E22: =IF(D22="","",DATEDIF(D22,TODAY(),"Y")) | K22: =IF(I22<>"Oui","",IF(E22="","",IF(E22<5,"U5",IF(E22<7,"U7",IF(E22<9,"U9",IF(E22<10,"U11",IF(F22="F",IF(E22<12,"U12F","U15F"),IF(E22<11,"U11",IF(E22<13,"U13","U15"))))))))) | S22: =IF(OR(B22="",R22="",O22="Payé"),"",MAX(0,TODAY()-R22)) | T22: =IF(B22="","",IF(O22="Payé","✅ À jour",IF(R22="","⏳ Pas de date",IF(TODAY()>R22,"🔴 En retard",IF(R22-TODAY()<=7,"🟡 Bientôt dû","🟢 Dans les temps")))))
A23: 21 | E23: =IF(D23="","",DATEDIF(D23,TODAY(),"Y")) | K23: =IF(I23<>"Oui","",IF(E23="","",IF(E23<5,"U5",IF(E23<7,"U7",IF(E23<9,"U9",IF(E23<10,"U11",IF(F23="F",IF(E23<12,"U12F","U15F"),IF(E23<11,"U11",IF(E23<13,"U13","U15"))))))))) | N23: =IF(AND(I23="Oui",J23="Oui"),(L23+M23)*(1-Paramètres!$D$20),L23+M23) -> 0 | S23: =IF(OR(B23="",R23="",O23="Payé"),"",MAX(0,TODAY()-R23)) | T23: =IF(B23="","",IF(O23="Payé","✅ À jour",IF(R23="","⏳ Pas de date",IF(TODAY()>R23,"🔴 En retard",IF(R23-TODAY()<=7,"🟡 Bientôt dû","🟢 Dans les temps")))))
A24: 22 | B24: KERKOUB | C24: Nenime | D24: 41569 | E24: =IF(D24="","",DATEDIF(D24,TODAY(),"Y")) -> 12 | F24: M | G24: +222 47 45 20 20 | H24: TERVRAGH ZEINA | I24: Oui | K24: =IF(I24<>"Oui","",IF(E24="","",IF(E24<5,"U5",IF(E24<7,"U7",IF(E24<9,"U9",IF(E24<10,"U11",IF(F24="F",IF(E24<12,"U12F","U15F"),IF(E24<11,"U11",IF(E24<13,"U13","U15"))))))))) -> U13 | L24: 2000 | N24: =IF(AND(I24="Oui",J24="Oui"),(L24+M24)*(1-Paramètres!$D$20),L24+M24) -> 2000 | O24: Payé | P24: 46117 | Q24: CASH COMPLET | S24: =IF(OR(B24="",R24="",O24="Payé"),"",MAX(0,TODAY()-R24)) | T24: =IF(B24="","",IF(O24="Payé","✅ À jour",IF(R24="","⏳ Pas de date",IF(TODAY()>R24,"🔴 En retard",IF(R24-TODAY()<=7,"🟡 Bientôt dû","🟢 Dans les temps"))))) -> ✅ À jour
A25: 23 | B25: DIAGANA | C25: Bocar | D25: 43252 | E25: =IF(D25="","",DATEDIF(D25,TODAY(),"Y")) -> 7 | F25: M | G25: +222 47 47 77 77 | H25: CITÉ PLAGE | I25: Oui | K25: =IF(I25<>"Oui","",IF(E25="","",IF(E25<5,"U5",IF(E25<7,"U7",IF(E25<9,"U9",IF(E25<10,"U11",IF(F25="F",IF(E25<12,"U12F","U15F"),IF(E25<11,"U11",IF(E25<13,"U13","U15"))))))))) -> U9 | L25: 2000 | N25: =IF(AND(I25="Oui",J25="Oui"),(L25+M25)*(1-Paramètres!$D$20),L25+M25) -> 2000 | O25: Payé | P25: 46117 | Q25: MANQUE PIECS | S25: =IF(OR(B25="",R25="",O25="Payé"),"",MAX(0,TODAY()-R25)) | T25: =IF(B25="","",IF(O25="Payé","✅ À jour",IF(R25="","⏳ Pas de date",IF(TODAY()>R25,"🔴 En retard",IF(R25-TODAY()<=7,"🟡 Bientôt dû","🟢 Dans les temps"))))) -> ✅ À jour
A26: 24 | B26: BA | C26: Mohamed | D26: 44503 | E26: =IF(D26="","",DATEDIF(D26,TODAY(),"Y")) -> 4 | F26: M | G26: +222 47 75 77 22 | H26: CITÉ PLAGE | I26: Oui | K26: =IF(I26<>"Oui","",IF(E26="","",IF(E26<5,"U5",IF(E26<7,"U7",IF(E26<9,"U9",IF(E26<10,"U11",IF(F26="F",IF(E26<12,"U12F","U15F"),IF(E26<11,"U11",IF(E26<13,"U13","U15"))))))))) -> U5 | L26: 2000 | N26: =IF(AND(I26="Oui",J26="Oui"),(L26+M26)*(1-Paramètres!$D$20),L26+M26) -> 2000 | O26: Payé | P26: 46117 | Q26: dit quil a laissé | S26: =IF(OR(B26="",R26="",O26="Payé"),"",MAX(0,TODAY()-R26)) | T26: =IF(B26="","",IF(O26="Payé","✅ À jour",IF(R26="","⏳ Pas de date",IF(TODAY()>R26,"🔴 En retard",IF(R26-TODAY()<=7,"🟡 Bientôt dû","🟢 Dans les temps"))))) -> ✅ À jour
A27: 25 | B27: BA | C27: Amadou | D27: 42852 | E27: =IF(D27="","",DATEDIF(D27,TODAY(),"Y")) -> 9 | F27: M | G27: +222 47 75 77 22 | H27: CITÉ PLAGE | I27: Oui | K27: =IF(I27<>"Oui","",IF(E27="","",IF(E27<5,"U5",IF(E27<7,"U7",IF(E27<9,"U9",IF(E27<10,"U11",IF(F27="F",IF(E27<12,"U12F","U15F"),IF(E27<11,"U11",IF(E27<13,"U13","U15"))))))))) -> U11 | L27: 2000 | N27: =IF(AND(I27="Oui",J27="Oui"),(L27+M27)*(1-Paramètres!$D$20),L27+M27) -> 2000 | O27: Payé | P27: 46117 | Q27: dit quil a laissé payé le 29/04 masravi mensualité | S27: =IF(OR(B27="",R27="",O27="Payé"),"",MAX(0,TODAY()-R27)) | T27: =IF(B27="","",IF(O27="Payé","✅ À jour",IF(R27="","⏳ Pas de date",IF(TODAY()>R27,"🔴 En retard",IF(R27-TODAY()<=7,"🟡 Bientôt dû","🟢 Dans les temps"))))) -> ✅ À jour
A28: 26 | B28: SIDI MAOULOUD | C28: Abdallahi | D28: 43957 | E28: =IF(D28="","",DATEDIF(D28,TODAY(),"Y")) -> 5 | F28: M | G28: +222 36 29 01 29 | H28: CITÉ PLAGE | I28: Oui | K28: =IF(I28<>"Oui","",IF(E28="","",IF(E28<5,"U5",IF(E28<7,"U7",IF(E28<9,"U9",IF(E28<10,"U11",IF(F28="F",IF(E28<12,"U12F","U15F"),IF(E28<11,"U11",IF(E28<13,"U13","U15"))))))))) -> U7 | L28: 2000 | N28: =IF(AND(I28="Oui",J28="Oui"),(L28+M28)*(1-Paramètres!$D$20),L28+M28) -> 2000 | O28: Payé | P28: 46117 | Q28: bankily piece ? | S28: =IF(OR(B28="",R28="",O28="Payé"),"",MAX(0,TODAY()-R28)) | T28: =IF(B28="","",IF(O28="Payé","✅ À jour",IF(R28="","⏳ Pas de date",IF(TODAY()>R28,"🔴 En retard",IF(R28-TODAY()<=7,"🟡 Bientôt dû","🟢 Dans les temps"))))) -> ✅ À jour
A29: 27 | B29: SY | C29: Boubacar | D29: 43115 | E29: =IF(D29="","",DATEDIF(D29,TODAY(),"Y")) -> 8 | F29: M | G29: +222 44 24 22 34 | H29: BASRA | I29: Oui | K29: =IF(I29<>"Oui","",IF(E29="","",IF(E29<5,"U5",IF(E29<7,"U7",IF(E29<9,"U9",IF(E29<10,"U11",IF(F29="F",IF(E29<12,"U12F","U15F"),IF(E29<11,"U11",IF(E29<13,"U13","U15"))))))))) -> U9 | L29: 1000 | N29: =IF(AND(I29="Oui",J29="Oui"),(L29+M29)*(1-Paramètres!$D$20),L29+M29) -> 1000 | O29: Partiel | P29: 46117 | Q29: payé masravi manque photot | S29: =IF(OR(B29="",R29="",O29="Payé"),"",MAX(0,TODAY()-R29)) | T29: =IF(B29="","",IF(O29="Payé","✅ À jour",IF(R29="","⏳ Pas de date",IF(TODAY()>R29,"🔴 En retard",IF(R29-TODAY()<=7,"🟡 Bientôt dû","🟢 Dans les temps"))))) -> ⏳ Pas de date
A30: 28 | B30: KANOUTÉ | C30: Mohamed | D30: 43612 | E30: =IF(D30="","",DATEDIF(D30,TODAY(),"Y")) -> 6 | F30: M | G30: 212658200457 | H30: CITÉ PLAGE | I30: Oui | K30: =IF(I30<>"Oui","",IF(E30="","",IF(E30<5,"U5",IF(E30<7,"U7",IF(E30<9,"U9",IF(E30<10,"U11",IF(F30="F",IF(E30<12,"U12F","U15F"),IF(E30<11,"U11",IF(E30<13,"U13","U15"))))))))) -> U7 | L30: 1000 | N30: =IF(AND(I30="Oui",J30="Oui"),(L30+M30)*(1-Paramètres!$D$20),L30+M30) -> 1000 | O30: Payé | P30: 46117 | Q30: manque extrait payé bankly payé le 15 | S30: =IF(OR(B30="",R30="",O30="Payé"),"",MAX(0,TODAY()-R30)) | T30: =IF(B30="","",IF(O30="Payé","✅ À jour",IF(R30="","⏳ Pas de date",IF(TODAY()>R30,"🔴 En retard",IF(R30-TODAY()<=7,"🟡 Bientôt dû","🟢 Dans les temps"))))) -> ✅ À jour
A31: 29 | B31: GUEYE | C31: Moussa | D31: 43110 | E31: =IF(D31="","",DATEDIF(D31,TODAY(),"Y")) -> 8 | F31: M | G31: +222 47 32 19 97 | H31: KOUFA | I31: Oui | K31: =IF(I31<>"Oui","",IF(E31="","",IF(E31<5,"U5",IF(E31<7,"U7",IF(E31<9,"U9",IF(E31<10,"U11",IF(F31="F",IF(E31<12,"U12F","U15F"),IF(E31<11,"U11",IF(E31<13,"U13","U15"))))))))) -> U9 | L31: 2000 | N31: =IF(AND(I31="Oui",J31="Oui"),(L31+M31)*(1-Paramètres!$D$20),L31+M31) -> 2000 | O31: Partiel | P31: 46117 | Q31: complet | S31: =IF(OR(B31="",R31="",O31="Payé"),"",MAX(0,TODAY()-R31)) | T31: =IF(B31="","",IF(O31="Payé","✅ À jour",IF(R31="","⏳ Pas de date",IF(TODAY()>R31,"🔴 En retard",IF(R31-TODAY()<=7,"🟡 Bientôt dû","🟢 Dans les temps"))))) -> ⏳ Pas de date
A32: 30 | B32: GUEYE | C32: Mademba | D32: 42624 | E32: =IF(D32="","",DATEDIF(D32,TODAY(),"Y")) -> 9 | F32: M | G32: +222 47 32 19 97 | H32: KOUFA | I32: Oui | K32: =IF(I32<>"Oui","",IF(E32="","",IF(E32<5,"U5",IF(E32<7,"U7",IF(E32<9,"U9",IF(E32<10,"U11",IF(F32="F",IF(E32<12,"U12F","U15F"),IF(E32<11,"U11",IF(E32<13,"U13","U15"))))))))) -> U11 | L32: 1000 | N32: =IF(AND(I32="Oui",J32="Oui"),(L32+M32)*(1-Paramètres!$D$20),L32+M32) -> 1000 | O32: Partiel | P32: 46117 | S32: =IF(OR(B32="",R32="",O32="Payé"),"",MAX(0,TODAY()-R32)) | T32: =IF(B32="","",IF(O32="Payé","✅ À jour",IF(R32="","⏳ Pas de date",IF(TODAY()>R32,"🔴 En retard",IF(R32-TODAY()<=7,"🟡 Bientôt dû","🟢 Dans les temps"))))) -> ⏳ Pas de date
A33: 31 | B33: THIAM | C33: Adama | D33: 43781 | E33: =IF(D33="","",DATEDIF(D33,TODAY(),"Y")) -> 6 | F33: M | G33: +222 44 89 92 74 | H33: PK9 | I33: Oui | K33: =IF(I33<>"Oui","",IF(E33="","",IF(E33<5,"U5",IF(E33<7,"U7",IF(E33<9,"U9",IF(E33<10,"U11",IF(F33="F",IF(E33<12,"U12F","U15F"),IF(E33<11,"U11",IF(E33<13,"U13","U15"))))))))) -> U7 | L33: 2000 | N33: =IF(AND(I33="Oui",J33="Oui"),(L33+M33)*(1-Paramètres!$D$20),L33+M33) -> 2000 | O33: Payé | P33: 46117 | Q33: dossier complet fait le completment le 24/04 | S33: =IF(OR(B33="",R33="",O33="Payé"),"",MAX(0,TODAY()-R33)) | T33: =IF(B33="","",IF(O33="Payé","✅ À jour",IF(R33="","⏳ Pas de date",IF(TODAY()>R33,"🔴 En retard",IF(R33-TODAY()<=7,"🟡 Bientôt dû","🟢 Dans les temps"))))) -> ✅ À jour
A34: 32 | B34: TOURÉ | C34: Mohamed | D34: 44130 | E34: =IF(D34="","",DATEDIF(D34,TODAY(),"Y")) -> 5 | F34: M | G34: +222 46 85 01 86 | H34: SOCOGIM | I34: Oui | K34: =IF(I34<>"Oui","",IF(E34="","",IF(E34<5,"U5",IF(E34<7,"U7",IF(E34<9,"U9",IF(E34<10,"U11",IF(F34="F",IF(E34<12,"U12F","U15F"),IF(E34<11,"U11",IF(E34<13,"U13","U15"))))))))) -> U7 | L34: 1000 | N34: =IF(AND(I34="Oui",J34="Oui"),(L34+M34)*(1-Paramètres!$D$20),L34+M34) -> 1000 | O34: Partiel | P34: 46117 | Q34: complet | S34: =IF(OR(B34="",R34="",O34="Payé"),"",MAX(0,TODAY()-R34)) | T34: =IF(B34="","",IF(O34="Payé","✅ À jour",IF(R34="","⏳ Pas de date",IF(TODAY()>R34,"🔴 En retard",IF(R34-TODAY()<=7,"🟡 Bientôt dû","🟢 Dans les temps"))))) -> ⏳ Pas de date
A35: 33 | B35: TOURÉ | C35: Ciré | D35: 43034 | E35: =IF(D35="","",DATEDIF(D35,TODAY(),"Y")) -> 8 | F35: M | G35: +222 46 85 01 86 | H35: SOCOGIM | I35: Oui | K35: =IF(I35<>"Oui","",IF(E35="","",IF(E35<5,"U5",IF(E35<7,"U7",IF(E35<9,"U9",IF(E35<10,"U11",IF(F35="F",IF(E35<12,"U12F","U15F"),IF(E35<11,"U11",IF(E35<13,"U13","U15"))))))))) -> U9 | L35: 1000 | N35: =IF(AND(I35="Oui",J35="Oui"),(L35+M35)*(1-Paramètres!$D$20),L35+M35) -> 1000 | O35: Partiel | P35: 46117 | Q35: complet | S35: =IF(OR(B35="",R35="",O35="Payé"),"",MAX(0,TODAY()-R35)) | T35: =IF(B35="","",IF(O35="Payé","✅ À jour",IF(R35="","⏳ Pas de date",IF(TODAY()>R35,"🔴 En retard",IF(R35-TODAY()<=7,"🟡 Bientôt dû","🟢 Dans les temps"))))) -> ⏳ Pas de date
A36: 34 | B36: SIDIBÉ | C36: Amatullah | D36: 41972 | E36: =IF(D36="","",DATEDIF(D36,TODAY(),"Y")) -> 11 | F36: F | G36: ‪+33 6 58 40 25 02‬ | H36: BASRA | I36: Oui | K36: =IF(I36<>"Oui","",IF(E36="","",IF(E36<5,"U5",IF(E36<7,"U7",IF(E36<9,"U9",IF(E36<10,"U11",IF(F36="F",IF(E36<12,"U12F","U15F"),IF(E36<11,"U11",IF(E36<13,"U13","U15"))))))))) -> U12F | L36: 1750 | N36: =IF(AND(I36="Oui",J36="Oui"),(L36+M36)*(1-Paramètres!$D$20),L36+M36) -> 1750 | O36: Payé | P36: 46122 | S36: =IF(OR(B36="",R36="",O36="Payé"),"",MAX(0,TODAY()-R36)) | T36: =IF(B36="","",IF(O36="Payé","✅ À jour",IF(R36="","⏳ Pas de date",IF(TODAY()>R36,"🔴 En retard",IF(R36-TODAY()<=7,"🟡 Bientôt dû","🟢 Dans les temps"))))) -> ✅ À jour
A37: 35 | B37: SIDIBÉ | C37: Soukaïna | D37: 44316 | E37: =IF(D37="","",DATEDIF(D37,TODAY(),"Y")) -> 5 | F37: F | G37: ‪+33 6 58 40 25 02‬ | H37: BASRA | I37: Oui | K37: =IF(I37<>"Oui","",IF(E37="","",IF(E37<5,"U5",IF(E37<7,"U7",IF(E37<9,"U9",IF(E37<10,"U11",IF(F37="F",IF(E37<12,"U12F","U15F"),IF(E37<11,"U11",IF(E37<13,"U13","U15"))))))))) -> U7 | L37: 500 | N37: =IF(AND(I37="Oui",J37="Oui"),(L37+M37)*(1-Paramètres!$D$20),L37+M37) -> 500 | O37: Payé | P37: 46122 | S37: =IF(OR(B37="",R37="",O37="Payé"),"",MAX(0,TODAY()-R37)) | T37: =IF(B37="","",IF(O37="Payé","✅ À jour",IF(R37="","⏳ Pas de date",IF(TODAY()>R37,"🔴 En retard",IF(R37-TODAY()<=7,"🟡 Bientôt dû","🟢 Dans les temps"))))) -> ✅ À jour
A38: 36 | B38: BA | C38: Mouhamed | D38: 42347 | E38: =IF(D38="","",DATEDIF(D38,TODAY(),"Y")) -> 10 | F38: M | G38: +222 42 02 35 84 | H38: KOUFA | I38: Oui | K38: =IF(I38<>"Oui","",IF(E38="","",IF(E38<5,"U5",IF(E38<7,"U7",IF(E38<9,"U9",IF(E38<10,"U11",IF(F38="F",IF(E38<12,"U12F","U15F"),IF(E38<11,"U11",IF(E38<13,"U13","U15"))))))))) -> U11 | L38: 2000 | N38: =IF(AND(I38="Oui",J38="Oui"),(L38+M38)*(1-Paramètres!$D$20),L38+M38) -> 2000 | O38: Payé | P38: 46117 | Q38: payé par bankily payé le reste 29/04 | S38: =IF(OR(B38="",R38="",O38="Payé"),"",MAX(0,TODAY()-R38)) | T38: =IF(B38="","",IF(O38="Payé","✅ À jour",IF(R38="","⏳ Pas de date",IF(TODAY()>R38,"🔴 En retard",IF(R38-TODAY()<=7,"🟡 Bientôt dû","🟢 Dans les temps"))))) -> ✅ À jour
A39: 37 | B39: BA | C39: Mamadou | D39: 41618 | E39: =IF(D39="","",DATEDIF(D39,TODAY(),"Y")) -> 12 | F39: M | G39: +222 42 02 35 84 | H39: KOUFA | I39: Oui | K39: =IF(I39<>"Oui","",IF(E39="","",IF(E39<5,"U5",IF(E39<7,"U7",IF(E39<9,"U9",IF(E39<10,"U11",IF(F39="F",IF(E39<12,"U12F","U15F"),IF(E39<11,"U11",IF(E39<13,"U13","U15"))))))))) -> U13 | L39: 2000 | N39: =IF(AND(I39="Oui",J39="Oui"),(L39+M39)*(1-Paramètres!$D$20),L39+M39) -> 2000 | O39: Payé | P39: 46117 | Q39: payé bankily le reste le 29/04 | S39: =IF(OR(B39="",R39="",O39="Payé"),"",MAX(0,TODAY()-R39)) | T39: =IF(B39="","",IF(O39="Payé","✅ À jour",IF(R39="","⏳ Pas de date",IF(TODAY()>R39,"🔴 En retard",IF(R39-TODAY()<=7,"🟡 Bientôt dû","🟢 Dans les temps"))))) -> ✅ À jour
A40: 38 | B40: SAMASSA | C40: Abdrahmane | D40: 42028 | E40: =IF(D40="","",DATEDIF(D40,TODAY(),"Y")) -> 11 | F40: M | G40: +222 26 31 86 93 | H40: TEYARETE | I40: Oui | K40: =IF(I40<>"Oui","",IF(E40="","",IF(E40<5,"U5",IF(E40<7,"U7",IF(E40<9,"U9",IF(E40<10,"U11",IF(F40="F",IF(E40<12,"U12F","U15F"),IF(E40<11,"U11",IF(E40<13,"U13","U15"))))))))) -> U13 | L40: 2000 | N40: =IF(AND(I40="Oui",J40="Oui"),(L40+M40)*(1-Paramètres!$D$20),L40+M40) -> 2000 | O40: Payé | P40: 46122 | Q40: complet payé 17 | S40: =IF(OR(B40="",R40="",O40="Payé"),"",MAX(0,TODAY()-R40)) | T40: =IF(B40="","",IF(O40="Payé","✅ À jour",IF(R40="","⏳ Pas de date",IF(TODAY()>R40,"🔴 En retard",IF(R40-TODAY()<=7,"🟡 Bientôt dû","🟢 Dans les temps"))))) -> ✅ À jour
A41: 39 | B41: SAMASSA | C41: Mohamed | D41: 42695 | E41: =IF(D41="","",DATEDIF(D41,TODAY(),"Y")) -> 9 | F41: M | G41: +222 26 31 86 93 | H41: TEYARETE | I41: Oui | K41: =IF(I41<>"Oui","",IF(E41="","",IF(E41<5,"U5",IF(E41<7,"U7",IF(E41<9,"U9",IF(E41<10,"U11",IF(F41="F",IF(E41<12,"U12F","U15F"),IF(E41<11,"U11",IF(E41<13,"U13","U15"))))))))) -> U11 | L41: 2000 | N41: =IF(AND(I41="Oui",J41="Oui"),(L41+M41)*(1-Paramètres!$D$20),L41+M41) -> 2000 | O41: Payé | P41: 46129 | Q41: complet payé le 17/ | S41: =IF(OR(B41="",R41="",O41="Payé"),"",MAX(0,TODAY()-R41)) | T41: =IF(B41="","",IF(O41="Payé","✅ À jour",IF(R41="","⏳ Pas de date",IF(TODAY()>R41,"🔴 En retard",IF(R41-TODAY()<=7,"🟡 Bientôt dû","🟢 Dans les temps"))))) -> ✅ À jour
A42: 40 | B42: HAMOUNY | C42: Didi | D42: 41555 | E42: =IF(D42="","",DATEDIF(D42,TODAY(),"Y")) -> 12 | F42: M | G42: +222 36 34 50 58 | H42: TERVRAGH ZEINA | I42: Oui | K42: =IF(I42<>"Oui","",IF(E42="","",IF(E42<5,"U5",IF(E42<7,"U7",IF(E42<9,"U9",IF(E42<10,"U11",IF(F42="F",IF(E42<12,"U12F","U15F"),IF(E42<11,"U11",IF(E42<13,"U13","U15"))))))))) -> U13 | L42: 2000 | N42: =IF(AND(I42="Oui",J42="Oui"),(L42+M42)*(1-Paramètres!$D$20),L42+M42) -> 2000 | O42: Payé | P42: 46120 | Q42: BANKILY Manque extrai | S42: =IF(OR(B42="",R42="",O42="Payé"),"",MAX(0,TODAY()-R42)) | T42: =IF(B42="","",IF(O42="Payé","✅ À jour",IF(R42="","⏳ Pas de date",IF(TODAY()>R42,"🔴 En retard",IF(R42-TODAY()<=7,"🟡 Bientôt dû","🟢 Dans les temps"))))) -> ✅ À jour
A43: 41 | B43: N'DIAYE | C43: Hassan | D43: 41147 | E43: =IF(D43="","",DATEDIF(D43,TODAY(),"Y")) -> 13 | F43: M | G43: +222 42 22 21 01 | H43: PK9 | I43: Oui | K43: =IF(I43<>"Oui","",IF(E43="","",IF(E43<5,"U5",IF(E43<7,"U7",IF(E43<9,"U9",IF(E43<10,"U11",IF(F43="F",IF(E43<12,"U12F","U15F"),IF(E43<11,"U11",IF(E43<13,"U13","U15"))))))))) -> U15 | L43: 1000 | N43: =IF(AND(I43="Oui",J43="Oui"),(L43+M43)*(1-Paramètres!$D$20),L43+M43) -> 1000 | O43: Partiel | P43: 46117 | Q43: Masravi | S43: =IF(OR(B43="",R43="",O43="Payé"),"",MAX(0,TODAY()-R43)) | T43: =IF(B43="","",IF(O43="Payé","✅ À jour",IF(R43="","⏳ Pas de date",IF(TODAY()>R43,"🔴 En retard",IF(R43-TODAY()<=7,"🟡 Bientôt dû","🟢 Dans les temps"))))) -> ⏳ Pas de date
A44: 42 | B44: N'DIAYE | C44: Houssein | D44: 41147 | E44: =IF(D44="","",DATEDIF(D44,TODAY(),"Y")) -> 13 | F44: M | G44: +222 42 22 21 01 | H44: PK9 | I44: Oui | K44: =IF(I44<>"Oui","",IF(E44="","",IF(E44<5,"U5",IF(E44<7,"U7",IF(E44<9,"U9",IF(E44<10,"U11",IF(F44="F",IF(E44<12,"U12F","U15F"),IF(E44<11,"U11",IF(E44<13,"U13","U15"))))))))) -> U15 | L44: 1000 | N44: =IF(AND(I44="Oui",J44="Oui"),(L44+M44)*(1-Paramètres!$D$20),L44+M44) -> 1000 | O44: Partiel | P44: 46117 | Q44: Masravi | S44: =IF(OR(B44="",R44="",O44="Payé"),"",MAX(0,TODAY()-R44)) | T44: =IF(B44="","",IF(O44="Payé","✅ À jour",IF(R44="","⏳ Pas de date",IF(TODAY()>R44,"🔴 En retard",IF(R44-TODAY()<=7,"🟡 Bientôt dû","🟢 Dans les temps"))))) -> ⏳ Pas de date
A45: 43 | B45: SOUMARÉ | C45: Djibrril | D45: 41478 | E45: =IF(D45="","",DATEDIF(D45,TODAY(),"Y")) -> 12 | F45: M | G45: +222 46 41 92 91 | H45: CITÉ PLAGE | I45: Oui | K45: =IF(I45<>"Oui","",IF(E45="","",IF(E45<5,"U5",IF(E45<7,"U7",IF(E45<9,"U9",IF(E45<10,"U11",IF(F45="F",IF(E45<12,"U12F","U15F"),IF(E45<11,"U11",IF(E45<13,"U13","U15"))))))))) -> U13 | L45: 1000 | N45: =IF(AND(I45="Oui",J45="Oui"),(L45+M45)*(1-Paramètres!$D$20),L45+M45) -> 1000 | O45: Partiel | P45: 46117 | Q45: cash pas de photo extrait | S45: =IF(OR(B45="",R45="",O45="Payé"),"",MAX(0,TODAY()-R45)) | T45: =IF(B45="","",IF(O45="Payé","✅ À jour",IF(R45="","⏳ Pas de date",IF(TODAY()>R45,"🔴 En retard",IF(R45-TODAY()<=7,"🟡 Bientôt dû","🟢 Dans les temps"))))) -> ⏳ Pas de date
A46: 44 | B46: BA | C46: Oumar | D46: 40798 | E46: =IF(D46="","",DATEDIF(D46,TODAY(),"Y")) -> 14 | F46: M | G46: +222 47 48 89 62 | H46: ARAFATE | I46: Oui | K46: =IF(I46<>"Oui","",IF(E46="","",IF(E46<5,"U5",IF(E46<7,"U7",IF(E46<9,"U9",IF(E46<10,"U11",IF(F46="F",IF(E46<12,"U12F","U15F"),IF(E46<11,"U11",IF(E46<13,"U13","U15"))))))))) -> U15 | L46: 1000 | N46: =IF(AND(I46="Oui",J46="Oui"),(L46+M46)*(1-Paramètres!$D$20),L46+M46) -> 1000 | O46: Partiel | P46: 46117 | Q46: complet | S46: =IF(OR(B46="",R46="",O46="Payé"),"",MAX(0,TODAY()-R46)) | T46: =IF(B46="","",IF(O46="Payé","✅ À jour",IF(R46="","⏳ Pas de date",IF(TODAY()>R46,"🔴 En retard",IF(R46-TODAY()<=7,"🟡 Bientôt dû","🟢 Dans les temps"))))) -> ⏳ Pas de date
A47: 45 | B47: FALL | C47: Mohamedou | D47: 43219 | E47: =IF(D47="","",DATEDIF(D47,TODAY(),"Y")) -> 8 | F47: M | G47: +222 46 41 34 90 | H47: KOUFA | I47: Oui | K47: =IF(I47<>"Oui","",IF(E47="","",IF(E47<5,"U5",IF(E47<7,"U7",IF(E47<9,"U9",IF(E47<10,"U11",IF(F47="F",IF(E47<12,"U12F","U15F"),IF(E47<11,"U11",IF(E47<13,"U13","U15"))))))))) -> U9 | L47: 1000 | N47: =IF(AND(I47="Oui",J47="Oui"),(L47+M47)*(1-Paramètres!$D$20),L47+M47) -> 1000 | O47: Partiel | P47: 46126 | Q47: manque photo | S47: =IF(OR(B47="",R47="",O47="Payé"),"",MAX(0,TODAY()-R47)) | T47: =IF(B47="","",IF(O47="Payé","✅ À jour",IF(R47="","⏳ Pas de date",IF(TODAY()>R47,"🔴 En retard",IF(R47-TODAY()<=7,"🟡 Bientôt dû","🟢 Dans les temps"))))) -> ⏳ Pas de date
A48: 46 | B48: SY | C48: Cheikh Ibrahim | D48: 41640 | E48: =IF(D48="","",DATEDIF(D48,TODAY(),"Y")) -> 12 | F48: M | G48: +222 41 76 49 96 | H48: KOSSOVO | I48: Oui | K48: =IF(I48<>"Oui","",IF(E48="","",IF(E48<5,"U5",IF(E48<7,"U7",IF(E48<9,"U9",IF(E48<10,"U11",IF(F48="F",IF(E48<12,"U12F","U15F"),IF(E48<11,"U11",IF(E48<13,"U13","U15"))))))))) -> U13 | L48: 1000 | N48: =IF(AND(I48="Oui",J48="Oui"),(L48+M48)*(1-Paramètres!$D$20),L48+M48) -> 1000 | O48: Partiel | P48: 46117 | Q48: manque document | S48: =IF(OR(B48="",R48="",O48="Payé"),"",MAX(0,TODAY()-R48)) | T48: =IF(B48="","",IF(O48="Payé","✅ À jour",IF(R48="","⏳ Pas de date",IF(TODAY()>R48,"🔴 En retard",IF(R48-TODAY()<=7,"🟡 Bientôt dû","🟢 Dans les temps"))))) -> ⏳ Pas de date
A49: 47 | B49: DIAGANA | C49: Mohamed | D49: 42323 | E49: =IF(D49="","",DATEDIF(D49,TODAY(),"Y")) -> 10 | F49: M | G49: +222 46 47 39 00 | H49: TERVRAGH ZEINA | I49: Oui | K49: =IF(I49<>"Oui","",IF(E49="","",IF(E49<5,"U5",IF(E49<7,"U7",IF(E49<9,"U9",IF(E49<10,"U11",IF(F49="F",IF(E49<12,"U12F","U15F"),IF(E49<11,"U11",IF(E49<13,"U13","U15"))))))))) -> U11 | L49: 2000 | N49: =IF(AND(I49="Oui",J49="Oui"),(L49+M49)*(1-Paramètres!$D$20),L49+M49) -> 2000 | O49: Payé | P49: 46117 | Q49: complet payé le reste le29/04 cash | S49: =IF(OR(B49="",R49="",O49="Payé"),"",MAX(0,TODAY()-R49)) | T49: =IF(B49="","",IF(O49="Payé","✅ À jour",IF(R49="","⏳ Pas de date",IF(TODAY()>R49,"🔴 En retard",IF(R49-TODAY()<=7,"🟡 Bientôt dû","🟢 Dans les temps"))))) -> ✅ À jour
... A58: 56 | B58: DIAGANA | C58: Diedia | D58: 42168 | E58: =IF(D58="","",DATEDIF(D58,TODAY(),"Y")) -> 10 | F58: M | G58: +222 47 47 77 77 | H58: CITÉ PLAGE | I58: Oui | K58: =IF(I58<>"Oui","",IF(E58="","",IF(E58<5,"U5",IF(E58<7,"U7",IF(E58<9,"U9",IF(E58<10,"U11",IF(F58="F",IF(E58<12,"U12F","U15F"),IF(E58<11,"U11",IF(E58<13,"U13","U15"))))))))) -> U11 | L58: 2000 | N58: =IF(AND(I58="Oui",J58="Oui"),(L58+M58)*(1-Paramètres!$D$20),L58+M58) -> 2000 | O58: Payé | P58: 46127 | Q58: complet cash rajoue le 01/05 | S58: =IF(OR(B58="",R58="",O58="Payé"),"",MAX(0,TODAY()-R58)) | T58: =IF(B58="","",IF(O58="Payé","✅ À jour",IF(R58="","⏳ Pas de date",IF(TODAY()>R58,"🔴 En retard",IF(R58-TODAY()<=7,"🟡 Bientôt dû","🟢 Dans les temps"))))) -> ✅ À jour
A59: 57 | C59: Moussa | D59: 43531 | E59: =IF(D59="","",DATEDIF(D59,TODAY(),"Y")) -> 7 | F59: M | G59: +1 (610) 931-3919 | H59: EL MINA | I59: Oui | K59: =IF(I59<>"Oui","",IF(E59="","",IF(E59<5,"U5",IF(E59<7,"U7",IF(E59<9,"U9",IF(E59<10,"U11",IF(F59="F",IF(E59<12,"U12F","U15F"),IF(E59<11,"U11",IF(E59<13,"U13","U15"))))))))) -> U9 | L59: 2000 | N59: =IF(AND(I59="Oui",J59="Oui"),(L59+M59)*(1-Paramètres!$D$20),L59+M59) -> 2000 | O59: Payé | P59: 46127 | Q59: complet | S59: =IF(OR(B59="",R59="",O59="Payé"),"",MAX(0,TODAY()-R59)) | T59: =IF(B59="","",IF(O59="Payé","✅ À jour",IF(R59="","⏳ Pas de date",IF(TODAY()>R59,"🔴 En retard",IF(R59-TODAY()<=7,"🟡 Bientôt dû","🟢 Dans les temps"))))) -> ✅ À jour
A60: 58 | B60: CAMARA | C60: Abdallahi | D60: 42471 | E60: =IF(D60="","",DATEDIF(D60,TODAY(),"Y")) -> 10 | F60: M | G60: +1 (610) 931-3919 | H60: EL MINA | I60: Oui | K60: =IF(I60<>"Oui","",IF(E60="","",IF(E60<5,"U5",IF(E60<7,"U7",IF(E60<9,"U9",IF(E60<10,"U11",IF(F60="F",IF(E60<12,"U12F","U15F"),IF(E60<11,"U11",IF(E60<13,"U13","U15"))))))))) -> U11 | L60: 2000 | N60: =IF(AND(I60="Oui",J60="Oui"),(L60+M60)*(1-Paramètres!$D$20),L60+M60) -> 2000 | O60: Payé | P60: 46127 | Q60: complet | S60: =IF(OR(B60="",R60="",O60="Payé"),"",MAX(0,TODAY()-R60)) | T60: =IF(B60="","",IF(O60="Payé","✅ À jour",IF(R60="","⏳ Pas de date",IF(TODAY()>R60,"🔴 En retard",IF(R60-TODAY()<=7,"🟡 Bientôt dû","🟢 Dans les temps"))))) -> ✅ À jour
A61: 59 | B61: DIALLO | C61: Youssouf | D61: 41880 | E61: =IF(D61="","",DATEDIF(D61,TODAY(),"Y")) -> 11 | F61: M | G61: +33 6 46 30 67 06 | H61: CITÉ PLAGE | I61: Oui | K61: =IF(I61<>"Oui","",IF(E61="","",IF(E61<5,"U5",IF(E61<7,"U7",IF(E61<9,"U9",IF(E61<10,"U11",IF(F61="F",IF(E61<12,"U12F","U15F"),IF(E61<11,"U11",IF(E61<13,"U13","U15"))))))))) -> U13 | L61: 2000 | N61: =IF(AND(I61="Oui",J61="Oui"),(L61+M61)*(1-Paramètres!$D$20),L61+M61) -> 2000 | O61: Payé | P61: 46127 | Q61: manque document | S61: =IF(OR(B61="",R61="",O61="Payé"),"",MAX(0,TODAY()-R61)) | T61: =IF(B61="","",IF(O61="Payé","✅ À jour",IF(R61="","⏳ Pas de date",IF(TODAY()>R61,"🔴 En retard",IF(R61-TODAY()<=7,"🟡 Bientôt dû","🟢 Dans les temps"))))) -> ✅ À jour
A62: 60 | B62: BAH | C62: Khalipha | D62: 44110 | E62: =IF(D62="","",DATEDIF(D62,TODAY(),"Y")) -> 5 | F62: M | G62: +222 47 88 18 08 | H62: BASRA | I62: Oui | K62: =IF(I62<>"Oui","",IF(E62="","",IF(E62<5,"U5",IF(E62<7,"U7",IF(E62<9,"U9",IF(E62<10,"U11",IF(F62="F",IF(E62<12,"U12F","U15F"),IF(E62<11,"U11",IF(E62<13,"U13","U15"))))))))) -> U7 | L62: 2000 | N62: =IF(AND(I62="Oui",J62="Oui"),(L62+M62)*(1-Paramètres!$D$20),L62+M62) -> 2000 | O62: Payé | P62: 46127 | Q62: photo ok payé 2eme le 17/04 | S62: =IF(OR(B62="",R62="",O62="Payé"),"",MAX(0,TODAY()-R62)) | T62: =IF(B62="","",IF(O62="Payé","✅ À jour",IF(R62="","⏳ Pas de date",IF(TODAY()>R62,"🔴 En retard",IF(R62-TODAY()<=7,"🟡 Bientôt dû","🟢 Dans les temps"))))) -> ✅ À jour
A63: 61 | B63: KONATÉ | C63: Kama | D63: 40762 | E63: =IF(D63="","",DATEDIF(D63,TODAY(),"Y")) -> 14 | F63: M | G63: +222 41 46 24 13 | H63: EL MINA | I63: Oui | K63: =IF(I63<>"Oui","",IF(E63="","",IF(E63<5,"U5",IF(E63<7,"U7",IF(E63<9,"U9",IF(E63<10,"U11",IF(F63="F",IF(E63<12,"U12F","U15F"),IF(E63<11,"U11",IF(E63<13,"U13","U15"))))))))) -> U15 | L63: 1000 | N63: =IF(AND(I63="Oui",J63="Oui"),(L63+M63)*(1-Paramètres!$D$20),L63+M63) -> 1000 | O63: Partiel | P63: 46122 | Q63: complet | S63: =IF(OR(B63="",R63="",O63="Payé"),"",MAX(0,TODAY()-R63)) | T63: =IF(B63="","",IF(O63="Payé","✅ À jour",IF(R63="","⏳ Pas de date",IF(TODAY()>R63,"🔴 En retard",IF(R63-TODAY()<=7,"🟡 Bientôt dû","🟢 Dans les temps"))))) -> ⏳ Pas de date
A64: 62 | B64: SIDIBÉ | C64: Karamoko | D64: 44588 | E64: =IF(D64="","",DATEDIF(D64,TODAY(),"Y")) -> 4 | F64: M | G64: +222 46 83 01 01 | H64: KOUFA | I64: Oui | K64: =IF(I64<>"Oui","",IF(E64="","",IF(E64<5,"U5",IF(E64<7,"U7",IF(E64<9,"U9",IF(E64<10,"U11",IF(F64="F",IF(E64<12,"U12F","U15F"),IF(E64<11,"U11",IF(E64<13,"U13","U15"))))))))) -> U5 | L64: 1000 | O64: Partiel | P64: 46117 | S64: =IF(OR(B64="",R64="",O64="Payé"),"",MAX(0,TODAY()-R64)) | T64: =IF(B64="","",IF(O64="Payé","✅ À jour",IF(R64="","⏳ Pas de date",IF(TODAY()>R64,"🔴 En retard",IF(R64-TODAY()<=7,"🟡 Bientôt dû","🟢 Dans les temps"))))) -> ⏳ Pas de date
A65: 63 | B65: BABY | C65: Mohamed | D65: 40850 | E65: =IF(D65="","",DATEDIF(D65,TODAY(),"Y")) -> 14 | F65: M | G65: +222 47 62 25 28 | H65: BASRA | I65: Oui | K65: =IF(I65<>"Oui","",IF(E65="","",IF(E65<5,"U5",IF(E65<7,"U7",IF(E65<9,"U9",IF(E65<10,"U11",IF(F65="F",IF(E65<12,"U12F","U15F"),IF(E65<11,"U11",IF(E65<13,"U13","U15"))))))))) -> U15 | L65: 2000 | N65: =IF(AND(I65="Oui",J65="Oui"),(L65+M65)*(1-Paramètres!$D$20),L65+M65) -> 2000 | O65: Payé | P65: 46127 | Q65: manque extrait bankily | S65: =IF(OR(B65="",R65="",O65="Payé"),"",MAX(0,TODAY()-R65)) | T65: =IF(B65="","",IF(O65="Payé","✅ À jour",IF(R65="","⏳ Pas de date",IF(TODAY()>R65,"🔴 En retard",IF(R65-TODAY()<=7,"🟡 Bientôt dû","🟢 Dans les temps"))))) -> ✅ À jour
A66: 64 | B66: GADENGA | C66: Issa | D66: 41017 | E66: =IF(D66="","",DATEDIF(D66,TODAY(),"Y")) -> 14 | F66: M | G66: +222 27 92 96 12 | H66: CITÉ CONCORDE | I66: Oui | K66: =IF(I66<>"Oui","",IF(E66="","",IF(E66<5,"U5",IF(E66<7,"U7",IF(E66<9,"U9",IF(E66<10,"U11",IF(F66="F",IF(E66<12,"U12F","U15F"),IF(E66<11,"U11",IF(E66<13,"U13","U15"))))))))) -> U15 | L66: 1000 | N66: =IF(AND(I66="Oui",J66="Oui"),(L66+M66)*(1-Paramètres!$D$20),L66+M66) -> 1000 | O66: Partiel | P66: 46127 | Q66: CASH COMPLET | S66: =IF(OR(B66="",R66="",O66="Payé"),"",MAX(0,TODAY()-R66)) | T66: =IF(B66="","",IF(O66="Payé","✅ À jour",IF(R66="","⏳ Pas de date",IF(TODAY()>R66,"🔴 En retard",IF(R66-TODAY()<=7,"🟡 Bientôt dû","🟢 Dans les temps"))))) -> ⏳ Pas de date
A67: 65 | B67: SOW | C67: Moussa | D67: 44918 | E67: =IF(D67="","",DATEDIF(D67,TODAY(),"Y")) -> 3 | F67: M | G67: +222 46 09 50 42 | H67: SAMIA | I67: Oui | K67: =IF(I67<>"Oui","",IF(E67="","",IF(E67<5,"U5",IF(E67<7,"U7",IF(E67<9,"U9",IF(E67<10,"U11",IF(F67="F",IF(E67<12,"U12F","U15F"),IF(E67<11,"U11",IF(E67<13,"U13","U15"))))))))) -> U5 | L67: 1000 | N67: =IF(AND(I67="Oui",J67="Oui"),(L67+M67)*(1-Paramètres!$D$20),L67+M67) -> 1000 | O67: Partiel | P67: 46117 | Q67: manque extrait bankily | S67: =IF(OR(B67="",R67="",O67="Payé"),"",MAX(0,TODAY()-R67)) | T67: =IF(B67="","",IF(O67="Payé","✅ À jour",IF(R67="","⏳ Pas de date",IF(TODAY()>R67,"🔴 En retard",IF(R67-TODAY()<=7,"🟡 Bientôt dû","🟢 Dans les temps"))))) -> ⏳ Pas de date
A68: 66 | B68: BA | C68: Badara Ali | D68: 43466 | E68: =IF(D68="","",DATEDIF(D68,TODAY(),"Y")) -> 7 | F68: M | G68: +222 44 24 35 63 | H68: KOUFA | I68: Oui | K68: =IF(I68<>"Oui","",IF(E68="","",IF(E68<5,"U5",IF(E68<7,"U7",IF(E68<9,"U9",IF(E68<10,"U11",IF(F68="F",IF(E68<12,"U12F","U15F"),IF(E68<11,"U11",IF(E68<13,"U13","U15"))))))))) -> U9 | L68: 1000 | N68: =IF(AND(I68="Oui",J68="Oui"),(L68+M68)*(1-Paramètres!$D$20),L68+M68) -> 1000 | O68: Partiel | P68: 46117 | Q68: manque piece | S68: =IF(OR(B68="",R68="",O68="Payé"),"",MAX(0,TODAY()-R68)) | T68: =IF(B68="","",IF(O68="Payé","✅ À jour",IF(R68="","⏳ Pas de date",IF(TODAY()>R68,"🔴 En retard",IF(R68-TODAY()<=7,"🟡 Bientôt dû","🟢 Dans les temps"))))) -> ⏳ Pas de date
A69: 67 | B69: BA | C69: Cheikh Tidjan | D69: 41935 | E69: =IF(D69="","",DATEDIF(D69,TODAY(),"Y")) -> 11 | F69: M | G69: +222 46 83 14 90 | H69: BASRA | I69: Oui | K69: =IF(I69<>"Oui","",IF(E69="","",IF(E69<5,"U5",IF(E69<7,"U7",IF(E69<9,"U9",IF(E69<10,"U11",IF(F69="F",IF(E69<12,"U12F","U15F"),IF(E69<11,"U11",IF(E69<13,"U13","U15"))))))))) -> U13 | L69: 1000 | N69: =IF(AND(I69="Oui",J69="Oui"),(L69+M69)*(1-Paramètres!$D$20),L69+M69) -> 1000 | O69: Partiel | P69: 46117 | Q69: manque piece bankily | S69: =IF(OR(B69="",R69="",O69="Payé"),"",MAX(0,TODAY()-R69)) | T69: =IF(B69="","",IF(O69="Payé","✅ À jour",IF(R69="","⏳ Pas de date",IF(TODAY()>R69,"🔴 En retard",IF(R69-TODAY()<=7,"🟡 Bientôt dû","🟢 Dans les temps"))))) -> ⏳ Pas de date
A70: 68 | B70: M'BODJ | C70: Seyidouna Mohamed | D70: 43864 | E70: =IF(D70="","",DATEDIF(D70,TODAY(),"Y")) -> 6 | F70: M | G70: +222 44 72 88 70 | H70: 5EME | I70: Oui | K70: =IF(I70<>"Oui","",IF(E70="","",IF(E70<5,"U5",IF(E70<7,"U7",IF(E70<9,"U9",IF(E70<10,"U11",IF(F70="F",IF(E70<12,"U12F","U15F"),IF(E70<11,"U11",IF(E70<13,"U13","U15"))))))))) -> U7 | L70: 3000 | N70: =IF(AND(I70="Oui",J70="Oui"),(L70+M70)*(1-Paramètres!$D$20),L70+M70) -> 3000 | O70: Payé | P70: 46117 | Q70: complet masravi moi de mai ok | S70: =IF(OR(B70="",R70="",O70="Payé"),"",MAX(0,TODAY()-R70)) | T70: =IF(B70="","",IF(O70="Payé","✅ À jour",IF(R70="","⏳ Pas de date",IF(TODAY()>R70,"🔴 En retard",IF(R70-TODAY()<=7,"🟡 Bientôt dû","🟢 Dans les temps"))))) -> ✅ À jour
A71: 69 | B71: DIA | C71: Abdoul | D71: 44100 | E71: =IF(D71="","",DATEDIF(D71,TODAY(),"Y")) -> 5 | F71: M | G71: +222 47 72 25 00 | H71: COSSOVO | I71: Oui | K71: =IF(I71<>"Oui","",IF(E71="","",IF(E71<5,"U5",IF(E71<7,"U7",IF(E71<9,"U9",IF(E71<10,"U11",IF(F71="F",IF(E71<12,"U12F","U15F"),IF(E71<11,"U11",IF(E71<13,"U13","U15"))))))))) -> U7 | L71: 1000 | N71: =IF(AND(I71="Oui",J71="Oui"),(L71+M71)*(1-Paramètres!$D$20),L71+M71) -> 1000 | O71: Partiel | P71: 46117 | Q71: manque piece masravi | S71: =IF(OR(B71="",R71="",O71="Payé"),"",MAX(0,TODAY()-R71)) | T71: =IF(B71="","",IF(O71="Payé","✅ À jour",IF(R71="","⏳ Pas de date",IF(TODAY()>R71,"🔴 En retard",IF(R71-TODAY()<=7,"🟡 Bientôt dû","🟢 Dans les temps"))))) -> ⏳ Pas de date
A72: 70 | B72: DJIMERA | C72: Woury | D72: 40543 | E72: =IF(D72="","",DATEDIF(D72,TODAY(),"Y")) -> 15 | F72: M | G72: +222 43 49 89 62 | H72: KOUFA | I72: Oui | K72: =IF(I72<>"Oui","",IF(E72="","",IF(E72<5,"U5",IF(E72<7,"U7",IF(E72<9,"U9",IF(E72<10,"U11",IF(F72="F",IF(E72<12,"U12F","U15F"),IF(E72<11,"U11",IF(E72<13,"U13","U15"))))))))) -> U15 | L72: 1000 | N72: =IF(AND(I72="Oui",J72="Oui"),(L72+M72)*(1-Paramètres!$D$20),L72+M72) -> 1000 | O72: Partiel | P72: 46117 | Q72: manque piece masravi | S72: =IF(OR(B72="",R72="",O72="Payé"),"",MAX(0,TODAY()-R72)) | T72: =IF(B72="","",IF(O72="Payé","✅ À jour",IF(R72="","⏳ Pas de date",IF(TODAY()>R72,"🔴 En retard",IF(R72-TODAY()<=7,"🟡 Bientôt dû","🟢 Dans les temps"))))) -> ⏳ Pas de date
A73: 71 | B73: MOKTAR | C73: Abdallah | D73: 40946 | E73: =IF(D73="","",DATEDIF(D73,TODAY(),"Y")) -> 14 | F73: M | G73: +222 46 46 98 98 | H73: CITÉ PLAGE | I73: Oui | K73: =IF(I73<>"Oui","",IF(E73="","",IF(E73<5,"U5",IF(E73<7,"U7",IF(E73<9,"U9",IF(E73<10,"U11",IF(F73="F",IF(E73<12,"U12F","U15F"),IF(E73<11,"U11",IF(E73<13,"U13","U15"))))))))) -> U15 | L73: 1000 | N73: =IF(AND(I73="Oui",J73="Oui"),(L73+M73)*(1-Paramètres!$D$20),L73+M73) -> 1000 | O73: Partiel | P73: 46117 | Q73: complet bankily | S73: =IF(OR(B73="",R73="",O73="Payé"),"",MAX(0,TODAY()-R73)) | T73: =IF(B73="","",IF(O73="Payé","✅ À jour",IF(R73="","⏳ Pas de date",IF(TODAY()>R73,"🔴 En retard",IF(R73-TODAY()<=7,"🟡 Bientôt dû","🟢 Dans les temps"))))) -> ⏳ Pas de date
A74: 72 | B74: JIYID | C74: Elyessa | D74: 41380 | E74: =IF(D74="","",DATEDIF(D74,TODAY(),"Y")) -> 13 | F74: M | G74: +222 20 98 98 92 | H74: TERVRAGH ZEINA | I74: Oui | K74: =IF(I74<>"Oui","",IF(E74="","",IF(E74<5,"U5",IF(E74<7,"U7",IF(E74<9,"U9",IF(E74<10,"U11",IF(F74="F",IF(E74<12,"U12F","U15F"),IF(E74<11,"U11",IF(E74<13,"U13","U15"))))))))) -> U15 | L74: 1000 | N74: =IF(AND(I74="Oui",J74="Oui"),(L74+M74)*(1-Paramètres!$D$20),L74+M74) -> 1000 | O74: Partiel | Q74: a verifié bankily | S74: =IF(OR(B74="",R74="",O74="Payé"),"",MAX(0,TODAY()-R74)) | T74: =IF(B74="","",IF(O74="Payé","✅ À jour",IF(R74="","⏳ Pas de date",IF(TODAY()>R74,"🔴 En retard",IF(R74-TODAY()<=7,"🟡 Bientôt dû","🟢 Dans les temps"))))) -> ⏳ Pas de date
A75: 73 | B75: DIALLO | C75: Abdallah | D75: 43944 | E75: =IF(D75="","",DATEDIF(D75,TODAY(),"Y")) -> 6 | F75: M | G75: +222 44 21 03 57 | H75: MEDINA 3 | I75: Oui | K75: =IF(I75<>"Oui","",IF(E75="","",IF(E75<5,"U5",IF(E75<7,"U7",IF(E75<9,"U9",IF(E75<10,"U11",IF(F75="F",IF(E75<12,"U12F","U15F"),IF(E75<11,"U11",IF(E75<13,"U13","U15"))))))))) -> U7 | L75: 2000 | N75: =IF(AND(I75="Oui",J75="Oui"),(L75+M75)*(1-Paramètres!$D$20),L75+M75) -> 2000 | O75: Payé | P75: 46129 | Q75: complet bankily | S75: =IF(OR(B75="",R75="",O75="Payé"),"",MAX(0,TODAY()-R75)) | T75: =IF(B75="","",IF(O75="Payé","✅ À jour",IF(R75="","⏳ Pas de date",IF(TODAY()>R75,"🔴 En retard",IF(R75-TODAY()<=7,"🟡 Bientôt dû","🟢 Dans les temps"))))) -> ✅ À jour
A76: 74 | B76: DIALLO | C76: Yakoub | D76: 42976 | E76: =IF(D76="","",DATEDIF(D76,TODAY(),"Y")) -> 8 | F76: M | G76: +222 44 21 03 57 | H76: MEDINA 3 | I76: Oui | K76: =IF(I76<>"Oui","",IF(E76="","",IF(E76<5,"U5",IF(E76<7,"U7",IF(E76<9,"U9",IF(E76<10,"U11",IF(F76="F",IF(E76<12,"U12F","U15F"),IF(E76<11,"U11",IF(E76<13,"U13","U15"))))))))) -> U9 | L76: 2000 | N76: =IF(AND(I76="Oui",J76="Oui"),(L76+M76)*(1-Paramètres!$D$20),L76+M76) -> 2000 | O76: Payé | P76: 46129 | Q76: complet bankily | S76: =IF(OR(B76="",R76="",O76="Payé"),"",MAX(0,TODAY()-R76)) | T76: =IF(B76="","",IF(O76="Payé","✅ À jour",IF(R76="","⏳ Pas de date",IF(TODAY()>R76,"🔴 En retard",IF(R76-TODAY()<=7,"🟡 Bientôt dû","🟢 Dans les temps"))))) -> ✅ À jour
A77: 75 | B77: BA | C77: Ismael | D77: 43041 | E77: =IF(D77="","",DATEDIF(D77,TODAY(),"Y")) -> 8 | F77: M | G77: +222 41 74 85 90 | H77: CENTRE METTRE | I77: Oui | K77: =IF(I77<>"Oui","",IF(E77="","",IF(E77<5,"U5",IF(E77<7,"U7",IF(E77<9,"U9",IF(E77<10,"U11",IF(F77="F",IF(E77<12,"U12F","U15F"),IF(E77<11,"U11",IF(E77<13,"U13","U15"))))))))) -> U9 | L77: 2000 | N77: =IF(AND(I77="Oui",J77="Oui"),(L77+M77)*(1-Paramètres!$D$20),L77+M77) -> 2000 | O77: Payé | P77: 46130 | Q77: manque piece masravi | S77: =IF(OR(B77="",R77="",O77="Payé"),"",MAX(0,TODAY()-R77)) | T77: =IF(B77="","",IF(O77="Payé","✅ À jour",IF(R77="","⏳ Pas de date",IF(TODAY()>R77,"🔴 En retard",IF(R77-TODAY()<=7,"🟡 Bientôt dû","🟢 Dans les temps"))))) -> ✅ À jour
A78: 76 | B78: MOHAMED CHEIKH | C78: Mohamed | D78: 44345 | E78: =IF(D78="","",DATEDIF(D78,TODAY(),"Y")) -> 4 | F78: M | G78: +222 22 28 22 20 | H78: CITÉ PLAGE | I78: Oui | K78: =IF(I78<>"Oui","",IF(E78="","",IF(E78<5,"U5",IF(E78<7,"U7",IF(E78<9,"U9",IF(E78<10,"U11",IF(F78="F",IF(E78<12,"U12F","U15F"),IF(E78<11,"U11",IF(E78<13,"U13","U15"))))))))) -> U5 | L78: 2600 | O78: Payé | P78: 46143 | Q78: payé une seance 200mru manque extraix ok moi de mai | S78: =IF(OR(B78="",R78="",O78="Payé"),"",MAX(0,TODAY()-R78)) | T78: =IF(B78="","",IF(O78="Payé","✅ À jour",IF(R78="","⏳ Pas de date",IF(TODAY()>R78,"🔴 En retard",IF(R78-TODAY()<=7,"🟡 Bientôt dû","🟢 Dans les temps"))))) -> ✅ À jour | U78: 400MRU pour navette | X78: +200 seance
A79: 77 | B79: SYLLA | C79: Adama | D79: 40330 | E79: =IF(D79="","",DATEDIF(D79,TODAY(),"Y")) -> 15 | F79: M | G79: +222 44 05 61 02 | H79: EL MINA | I79: Oui | K79: =IF(I79<>"Oui","",IF(E79="","",IF(E79<5,"U5",IF(E79<7,"U7",IF(E79<9,"U9",IF(E79<10,"U11",IF(F79="F",IF(E79<12,"U12F","U15F"),IF(E79<11,"U11",IF(E79<13,"U13","U15"))))))))) -> U15 | N79: 1000 | O79: Partiel | P79: 46143 | S79: =IF(OR(B79="",R79="",O79="Payé"),"",MAX(0,TODAY()-R79)) | T79: =IF(B79="","",IF(O79="Payé","✅ À jour",IF(R79="","⏳ Pas de date",IF(TODAY()>R79,"🔴 En retard",IF(R79-TODAY()<=7,"🟡 Bientôt dû","🟢 Dans les temps"))))) -> ⏳ Pas de date
A80: 78 | B80: SOW | C80: Mohamed | D80: 42598 | E80: =IF(D80="","",DATEDIF(D80,TODAY(),"Y")) -> 9 | F80: M | G80: +222 44 89 97 98 | H80: CITÉ PLAGE | I80: Oui | K80: =IF(I80<>"Oui","",IF(E80="","",IF(E80<5,"U5",IF(E80<7,"U7",IF(E80<9,"U9",IF(E80<10,"U11",IF(F80="F",IF(E80<12,"U12F","U15F"),IF(E80<11,"U11",IF(E80<13,"U13","U15"))))))))) -> U11 | L80: 1000 | N80: =IF(AND(I80="Oui",J80="Oui"),(L80+M80)*(1-Paramètres!$D$20),L80+M80) -> 1000 | O80: Partiel | P80: 46117 | Q80: bankily manque document | S80: =IF(OR(B80="",R80="",O80="Payé"),"",MAX(0,TODAY()-R80)) | T80: =IF(B80="","",IF(O80="Payé","✅ À jour",IF(R80="","⏳ Pas de date",IF(TODAY()>R80,"🔴 En retard",IF(R80-TODAY()<=7,"🟡 Bientôt dû","🟢 Dans les temps"))))) -> ⏳ Pas de date
A81: 79 | B81: N'DIAYE | C81: Ibrahim | D81: 41758 | E81: =IF(D81="","",DATEDIF(D81,TODAY(),"Y")) -> 12 | F81: M | G81: ‪+222 41 04 56 30‬ | H81: CITÉ PLAGE | I81: Oui | K81: =IF(I81<>"Oui","",IF(E81="","",IF(E81<5,"U5",IF(E81<7,"U7",IF(E81<9,"U9",IF(E81<10,"U11",IF(F81="F",IF(E81<12,"U12F","U15F"),IF(E81<11,"U11",IF(E81<13,"U13","U15"))))))))) -> U13 | L81: 1000 | N81: =IF(AND(I81="Oui",J81="Oui"),(L81+M81)*(1-Paramètres!$D$20),L81+M81) -> 1000 | O81: Partiel | P81: 46117 | S81: =IF(OR(B81="",R81="",O81="Payé"),"",MAX(0,TODAY()-R81)) | T81: =IF(B81="","",IF(O81="Payé","✅ À jour",IF(R81="","⏳ Pas de date",IF(TODAY()>R81,"🔴 En retard",IF(R81-TODAY()<=7,"🟡 Bientôt dû","🟢 Dans les temps"))))) -> ⏳ Pas de date
A82: 80 | B82: N'DIAYE | C82: Moussa | D82: 42831 | E82: =IF(D82="","",DATEDIF(D82,TODAY(),"Y")) -> 9 | F82: M | G82: ‪+222 41 04 56 30‬ | H82: CITÉ PLAGE | I82: Oui | K82: =IF(I82<>"Oui","",IF(E82="","",IF(E82<5,"U5",IF(E82<7,"U7",IF(E82<9,"U9",IF(E82<10,"U11",IF(F82="F",IF(E82<12,"U12F","U15F"),IF(E82<11,"U11",IF(E82<13,"U13","U15"))))))))) -> U11 | L82: 1000 | N82: =IF(AND(I82="Oui",J82="Oui"),(L82+M82)*(1-Paramètres!$D$20),L82+M82) -> 1000 | O82: Partiel | P82: 46117 | S82: =IF(OR(B82="",R82="",O82="Payé"),"",MAX(0,TODAY()-R82)) | T82: =IF(B82="","",IF(O82="Payé","✅ À jour",IF(R82="","⏳ Pas de date",IF(TODAY()>R82,"🔴 En retard",IF(R82-TODAY()<=7,"🟡 Bientôt dû","🟢 Dans les temps"))))) -> ⏳ Pas de date
A83: 81 | B83: CISSÉ | C83: Souleymane | D83: 41133 | E83: =IF(D83="","",DATEDIF(D83,TODAY(),"Y")) -> 13 | F83: M | G83: +222 37 34 76 60 | H83: CITÉ CONCORDE | I83: Oui | K83: =IF(I83<>"Oui","",IF(E83="","",IF(E83<5,"U5",IF(E83<7,"U7",IF(E83<9,"U9",IF(E83<10,"U11",IF(F83="F",IF(E83<12,"U12F","U15F"),IF(E83<11,"U11",IF(E83<13,"U13","U15"))))))))) -> U15 | L83: 1000 | O83: Partiel | P83: 46143 | S83: =IF(OR(B83="",R83="",O83="Payé"),"",MAX(0,TODAY()-R83)) | T83: =IF(B83="","",IF(O83="Payé","✅ À jour",IF(R83="","⏳ Pas de date",IF(TODAY()>R83,"🔴 En retard",IF(R83-TODAY()<=7,"🟡 Bientôt dû","🟢 Dans les temps"))))) -> ⏳ Pas de date
A84: 82 | B84: THIAM | C84: Ely | D84: 42535 | E84: =IF(D84="","",DATEDIF(D84,TODAY(),"Y")) -> 9 | F84: M | G84: +222 32 09 11 31 | H84: CITÉ CONCORDE | I84: Oui | K84: =IF(I84<>"Oui","",IF(E84="","",IF(E84<5,"U5",IF(E84<7,"U7",IF(E84<9,"U9",IF(E84<10,"U11",IF(F84="F",IF(E84<12,"U12F","U15F"),IF(E84<11,"U11",IF(E84<13,"U13","U15"))))))))) -> U11 | L84: 1000 | N84: =IF(AND(I84="Oui",J84="Oui"),(L84+M84)*(1-Paramètres!$D$20),L84+M84) -> 1000 | O84: Partiel | P84: 46117 | Q84: masravi manque document | S84: =IF(OR(B84="",R84="",O84="Payé"),"",MAX(0,TODAY()-R84)) | T84: =IF(B84="","",IF(O84="Payé","✅ À jour",IF(R84="","⏳ Pas de date",IF(TODAY()>R84,"🔴 En retard",IF(R84-TODAY()<=7,"🟡 Bientôt dû","🟢 Dans les temps"))))) -> ⏳ Pas de date
A85: 83 | B85: SOKNA | C85: Harouna | D85: 40767 | E85: =IF(D85="","",DATEDIF(D85,TODAY(),"Y")) -> 14 | F85: M | G85: +222 44 69 25 75 | H85: KOUFA | I85: Oui | K85: =IF(I85<>"Oui","",IF(E85="","",IF(E85<5,"U5",IF(E85<7,"U7",IF(E85<9,"U9",IF(E85<10,"U11",IF(F85="F",IF(E85<12,"U12F","U15F"),IF(E85<11,"U11",IF(E85<13,"U13","U15"))))))))) -> U15 | L85: 1000 | N85: =IF(AND(I85="Oui",J85="Oui"),(L85+M85)*(1-Paramètres!$D$20),L85+M85) -> 1000 | O85: Partiel | P85: 46120 | Q85: CASH COMPLET | S85: =IF(OR(B85="",R85="",O85="Payé"),"",MAX(0,TODAY()-R85)) | T85: =IF(B85="","",IF(O85="Payé","✅ À jour",IF(R85="","⏳ Pas de date",IF(TODAY()>R85,"🔴 En retard",IF(R85-TODAY()<=7,"🟡 Bientôt dû","🟢 Dans les temps"))))) -> ⏳ Pas de date
A86: 84 | B86: WANE | C86: Ibrahima | D86: 41724 | E86: =IF(D86="","",DATEDIF(D86,TODAY(),"Y")) -> 12 | F86: M | G86: +222 32 09 11 31 | H86: CITÉ CONCORDE | I86: Oui | K86: =IF(I86<>"Oui","",IF(E86="","",IF(E86<5,"U5",IF(E86<7,"U7",IF(E86<9,"U9",IF(E86<10,"U11",IF(F86="F",IF(E86<12,"U12F","U15F"),IF(E86<11,"U11",IF(E86<13,"U13","U15"))))))))) -> U13 | L86: 1000 | N86: =IF(AND(I86="Oui",J86="Oui"),(L86+M86)*(1-Paramètres!$D$20),L86+M86) -> 1000 | O86: Partiel | P86: 46117 | Q86: masravi manque photo | S86: =IF(OR(B86="",R86="",O86="Payé"),"",MAX(0,TODAY()-R86)) | T86: =IF(B86="","",IF(O86="Payé","✅ À jour",IF(R86="","⏳ Pas de date",IF(TODAY()>R86,"🔴 En retard",IF(R86-TODAY()<=7,"🟡 Bientôt dû","🟢 Dans les temps"))))) -> ⏳ Pas de date
A87: 85 | B87: FANE | C87: Ely | D87: 41952 | E87: =IF(D87="","",DATEDIF(D87,TODAY(),"Y")) -> 11 | F87: M | G87: +222 32 09 11 31 | H87: CITÉ CONCORDE | I87: Oui | K87: =IF(I87<>"Oui","",IF(E87="","",IF(E87<5,"U5",IF(E87<7,"U7",IF(E87<9,"U9",IF(E87<10,"U11",IF(F87="F",IF(E87<12,"U12F","U15F"),IF(E87<11,"U11",IF(E87<13,"U13","U15"))))))))) -> U13 | L87: 1000 | N87: =IF(AND(I87="Oui",J87="Oui"),(L87+M87)*(1-Paramètres!$D$20),L87+M87) -> 1000 | O87: Partiel | P87: 46117 | S87: =IF(OR(B87="",R87="",O87="Payé"),"",MAX(0,TODAY()-R87)) | T87: =IF(B87="","",IF(O87="Payé","✅ À jour",IF(R87="","⏳ Pas de date",IF(TODAY()>R87,"🔴 En retard",IF(R87-TODAY()<=7,"🟡 Bientôt dû","🟢 Dans les temps"))))) -> ⏳ Pas de date
A88: 86 | B88: KOITA | C88: Mohamed | D88: 44080 | E88: =IF(D88="","",DATEDIF(D88,TODAY(),"Y")) -> 5 | F88: M | G88: +222 49 44 09 04 | H88: TERVRAGH ZEINA | I88: Oui | K88: =IF(I88<>"Oui","",IF(E88="","",IF(E88<5,"U5",IF(E88<7,"U7",IF(E88<9,"U9",IF(E88<10,"U11",IF(F88="F",IF(E88<12,"U12F","U15F"),IF(E88<11,"U11",IF(E88<13,"U13","U15"))))))))) -> U7 | L88: 1500 | N88: =IF(AND(I88="Oui",J88="Oui"),(L88+M88)*(1-Paramètres!$D$20),L88+M88) -> 1500 | O88: Payé | P88: 46134 | Q88: il manque documenty banqui | S88: =IF(OR(B88="",R88="",O88="Payé"),"",MAX(0,TODAY()-R88)) | T88: =IF(B88="","",IF(O88="Payé","✅ À jour",IF(R88="","⏳ Pas de date",IF(TODAY()>R88,"🔴 En retard",IF(R88-TODAY()<=7,"🟡 Bientôt dû","🟢 Dans les temps"))))) -> ✅ À jour
A89: 87 | B89: CAMARA | C89: Abdallah | D89: 41684 | E89: =IF(D89="","",DATEDIF(D89,TODAY(),"Y")) -> 12 | F89: M | G89: +222 41 32 30 91 | H89: 5EME | I89: Oui | K89: =IF(I89<>"Oui","",IF(E89="","",IF(E89<5,"U5",IF(E89<7,"U7",IF(E89<9,"U9",IF(E89<10,"U11",IF(F89="F",IF(E89<12,"U12F","U15F"),IF(E89<11,"U11",IF(E89<13,"U13","U15"))))))))) -> U13 | O89: En attente | S89: =IF(OR(B89="",R89="",O89="Payé"),"",MAX(0,TODAY()-R89)) | T89: =IF(B89="","",IF(O89="Payé","✅ À jour",IF(R89="","⏳ Pas de date",IF(TODAY()>R89,"🔴 En retard",IF(R89-TODAY()<=7,"🟡 Bientôt dû","🟢 Dans les temps"))))) -> ⏳ Pas de date
A90: 88 | B90: CABIT | C90: Zakaria | D90: 41304 | E90: =IF(D90="","",DATEDIF(D90,TODAY(),"Y")) -> 13 | F90: M | G90: +222 42 07 96 50 | H90: SOUKOUK | I90: Oui | K90: =IF(I90<>"Oui","",IF(E90="","",IF(E90<5,"U5",IF(E90<7,"U7",IF(E90<9,"U9",IF(E90<10,"U11",IF(F90="F",IF(E90<12,"U12F","U15F"),IF(E90<11,"U11",IF(E90<13,"U13","U15"))))))))) -> U15 | L90: 3500 | N90: =IF(AND(I90="Oui",J90="Oui"),(L90+M90)*(1-Paramètres!$D$20),L90+M90) -> 3500 | O90: Payé | P90: 46134 | Q90: manque photo payé 3 mois avance | S90: =IF(OR(B90="",R90="",O90="Payé"),"",MAX(0,TODAY()-R90)) | T90: =IF(B90="","",IF(O90="Payé","✅ À jour",IF(R90="","⏳ Pas de date",IF(TODAY()>R90,"🔴 En retard",IF(R90-TODAY()<=7,"🟡 Bientôt dû","🟢 Dans les temps"))))) -> ✅ À jour
A91: 89 | B91: CABIT | C91: Djody | D91: 40700 | E91: =IF(D91="","",DATEDIF(D91,TODAY(),"Y")) -> 14 | F91: M | G91: +222 42 07 96 50 | H91: SOUKOUK | I91: Oui | K91: =IF(I91<>"Oui","",IF(E91="","",IF(E91<5,"U5",IF(E91<7,"U7",IF(E91<9,"U9",IF(E91<10,"U11",IF(F91="F",IF(E91<12,"U12F","U15F"),IF(E91<11,"U11",IF(E91<13,"U13","U15"))))))))) -> U15 | L91: 3500 | N91: =IF(AND(I91="Oui",J91="Oui"),(L91+M91)*(1-Paramètres!$D$20),L91+M91) -> 3500 | O91: Payé | P91: 46134 | Q91: manque photo payé 3 mois avance | S91: =IF(OR(B91="",R91="",O91="Payé"),"",MAX(0,TODAY()-R91)) | T91: =IF(B91="","",IF(O91="Payé","✅ À jour",IF(R91="","⏳ Pas de date",IF(TODAY()>R91,"🔴 En retard",IF(R91-TODAY()<=7,"🟡 Bientôt dû","🟢 Dans les temps"))))) -> ✅ À jour
A92: 90 | B92: FOFANA | C92: Alassane | D92: 41035 | E92: =IF(D92="","",DATEDIF(D92,TODAY(),"Y")) -> 13 | F92: M | G92: +222 46 76 18 94 | H92: EL MINA | I92: Oui | K92: =IF(I92<>"Oui","",IF(E92="","",IF(E92<5,"U5",IF(E92<7,"U7",IF(E92<9,"U9",IF(E92<10,"U11",IF(F92="F",IF(E92<12,"U12F","U15F"),IF(E92<11,"U11",IF(E92<13,"U13","U15"))))))))) -> U15 | L92: 1500 | N92: =IF(AND(I92="Oui",J92="Oui"),(L92+M92)*(1-Paramètres!$D$20),L92+M92) -> 1500 | O92: Payé | P92: 46134 | Q92: manque doc 5000 | S92: =IF(OR(B92="",R92="",O92="Payé"),"",MAX(0,TODAY()-R92)) | T92: =IF(B92="","",IF(O92="Payé","✅ À jour",IF(R92="","⏳ Pas de date",IF(TODAY()>R92,"🔴 En retard",IF(R92-TODAY()<=7,"🟡 Bientôt dû","🟢 Dans les temps"))))) -> ✅ À jour
A93: 91 | B93: FOFANA | C93: Amadou | D93: 41035 | E93: =IF(D93="","",DATEDIF(D93,TODAY(),"Y")) -> 13 | F93: M | G93: +222 46 76 18 94 | H93: EL MINA | I93: Oui | K93: =IF(I93<>"Oui","",IF(E93="","",IF(E93<5,"U5",IF(E93<7,"U7",IF(E93<9,"U9",IF(E93<10,"U11",IF(F93="F",IF(E93<12,"U12F","U15F"),IF(E93<11,"U11",IF(E93<13,"U13","U15"))))))))) -> U15 | L93: 1500 | N93: =IF(AND(I93="Oui",J93="Oui"),(L93+M93)*(1-Paramètres!$D$20),L93+M93) -> 1500 | O93: Payé | P93: 46134 | Q93: manque document 500 | S93: =IF(OR(B93="",R93="",O93="Payé"),"",MAX(0,TODAY()-R93)) | T93: =IF(B93="","",IF(O93="Payé","✅ À jour",IF(R93="","⏳ Pas de date",IF(TODAY()>R93,"🔴 En retard",IF(R93-TODAY()<=7,"🟡 Bientôt dû","🟢 Dans les temps"))))) -> ✅ À jour
A94: 92 | B94: DIAGNE | C94: Alioune | D94: 41762 | E94: =IF(D94="","",DATEDIF(D94,TODAY(),"Y")) -> 11 | F94: M | G94: +222 26 43 64 82 | H94: KOUFA | I94: Oui | K94: =IF(I94<>"Oui","",IF(E94="","",IF(E94<5,"U5",IF(E94<7,"U7",IF(E94<9,"U9",IF(E94<10,"U11",IF(F94="F",IF(E94<12,"U12F","U15F"),IF(E94<11,"U11",IF(E94<13,"U13","U15"))))))))) -> U13 | L94: 1000 | N94: =IF(AND(I94="Oui",J94="Oui"),(L94+M94)*(1-Paramètres!$D$20),L94+M94) -> 1000 | O94: Partiel | P94: 46134 | Q94: cash manque document | S94: =IF(OR(B94="",R94="",O94="Payé"),"",MAX(0,TODAY()-R94)) | T94: =IF(B94="","",IF(O94="Payé","✅ À jour",IF(R94="","⏳ Pas de date",IF(TODAY()>R94,"🔴 En retard",IF(R94-TODAY()<=7,"🟡 Bientôt dû","🟢 Dans les temps"))))) -> ⏳ Pas de date
A95: 93 | B95: N'DAW | C95: Ciré | D95: 42645 | E95: =IF(D95="","",DATEDIF(D95,TODAY(),"Y")) -> 9 | F95: M | G95: +222 22 16 54 72 | H95: SOCOGIM | I95: Oui | K95: =IF(I95<>"Oui","",IF(E95="","",IF(E95<5,"U5",IF(E95<7,"U7",IF(E95<9,"U9",IF(E95<10,"U11",IF(F95="F",IF(E95<12,"U12F","U15F"),IF(E95<11,"U11",IF(E95<13,"U13","U15"))))))))) -> U11 | L95: 1500 | N95: =IF(AND(I95="Oui",J95="Oui"),(L95+M95)*(1-Paramètres!$D$20),L95+M95) -> 1500 | O95: Payé | P95: 46134 | Q95: manque photo | S95: =IF(OR(B95="",R95="",O95="Payé"),"",MAX(0,TODAY()-R95)) | T95: =IF(B95="","",IF(O95="Payé","✅ À jour",IF(R95="","⏳ Pas de date",IF(TODAY()>R95,"🔴 En retard",IF(R95-TODAY()<=7,"🟡 Bientôt dû","🟢 Dans les temps"))))) -> ✅ À jour
A96: 94 | B96: SARRE | C96: Tierno | D96: 42378 | E96: =IF(D96="","",DATEDIF(D96,TODAY(),"Y")) -> 10 | F96: M | G96: +222 49 86 23 31 | H96: ??? | I96: Oui | K96: =IF(I96<>"Oui","",IF(E96="","",IF(E96<5,"U5",IF(E96<7,"U7",IF(E96<9,"U9",IF(E96<10,"U11",IF(F96="F",IF(E96<12,"U12F","U15F"),IF(E96<11,"U11",IF(E96<13,"U13","U15"))))))))) -> U11 | L96: 1000 | N96: =IF(AND(I96="Oui",J96="Oui"),(L96+M96)*(1-Paramètres!$D$20),L96+M96) -> 1000 | O96: Partiel | P96: 46127 | Q96: cash manque document | S96: =IF(OR(B96="",R96="",O96="Payé"),"",MAX(0,TODAY()-R96)) | T96: =IF(B96="","",IF(O96="Payé","✅ À jour",IF(R96="","⏳ Pas de date",IF(TODAY()>R96,"🔴 En retard",IF(R96-TODAY()<=7,"🟡 Bientôt dû","🟢 Dans les temps"))))) -> ⏳ Pas de date
A97: 95 | B97: DIEYE | C97: Djibi | D97: 42728 | E97: =IF(D97="","",DATEDIF(D97,TODAY(),"Y")) -> 9 | F97: M | G97: +222 47 78 99 71 | H97: KOUFA | I97: Oui | K97: =IF(I97<>"Oui","",IF(E97="","",IF(E97<5,"U5",IF(E97<7,"U7",IF(E97<9,"U9",IF(E97<10,"U11",IF(F97="F",IF(E97<12,"U12F","U15F"),IF(E97<11,"U11",IF(E97<13,"U13","U15"))))))))) -> U11 | L97: 1000 | N97: =IF(AND(I97="Oui",J97="Oui"),(L97+M97)*(1-Paramètres!$D$20),L97+M97) -> 1000 | O97: Partiel | P97: 46127 | Q97: manque document | S97: =IF(OR(B97="",R97="",O97="Payé"),"",MAX(0,TODAY()-R97)) | T97: =IF(B97="","",IF(O97="Payé","✅ À jour",IF(R97="","⏳ Pas de date",IF(TODAY()>R97,"🔴 En retard",IF(R97-TODAY()<=7,"🟡 Bientôt dû","🟢 Dans les temps"))))) -> ⏳ Pas de date
A98: 96 | B98: DJIGO | C98: Cheikh Bay | D98: 41610 | E98: =IF(D98="","",DATEDIF(D98,TODAY(),"Y")) -> 12 | F98: M | G98: +222 49 47 01 42 | H98: CITÉ PLAGE | I98: Oui | K98: =IF(I98<>"Oui","",IF(E98="","",IF(E98<5,"U5",IF(E98<7,"U7",IF(E98<9,"U9",IF(E98<10,"U11",IF(F98="F",IF(E98<12,"U12F","U15F"),IF(E98<11,"U11",IF(E98<13,"U13","U15"))))))))) -> U13 | O98: En attente | P98: 46120 | Q98: COMPLET | S98: =IF(OR(B98="",R98="",O98="Payé"),"",MAX(0,TODAY()-R98)) | T98: =IF(B98="","",IF(O98="Payé","✅ À jour",IF(R98="","⏳ Pas de date",IF(TODAY()>R98,"🔴 En retard",IF(R98-TODAY()<=7,"🟡 Bientôt dû","🟢 Dans les temps"))))) -> ⏳ Pas de date
A99: 97 | B99: BA | C99: Zeinebou | D99: 41960 | E99: =IF(D99="","",DATEDIF(D99,TODAY(),"Y")) -> 11 | F99: F | G99: +222 46 02 86 68 | H99: CITÉ PLAGE | I99: Oui | K99: =IF(I99<>"Oui","",IF(E99="","",IF(E99<5,"U5",IF(E99<7,"U7",IF(E99<9,"U9",IF(E99<10,"U11",IF(F99="F",IF(E99<12,"U12F","U15F"),IF(E99<11,"U11",IF(E99<13,"U13","U15"))))))))) -> U12F | L99: 1400 | O99: Payé | P99: 46136 | Q99: COMPLET CASH | S99: =IF(OR(B99="",R99="",O99="Payé"),"",MAX(0,TODAY()-R99)) | T99: =IF(B99="","",IF(O99="Payé","✅ À jour",IF(R99="","⏳ Pas de date",IF(TODAY()>R99,"🔴 En retard",IF(R99-TODAY()<=7,"🟡 Bientôt dû","🟢 Dans les temps"))))) -> ✅ À jour
A100: 98 | B100: SOUMARÉ | C100: Aminta | E100: =IF(D100="","",DATEDIF(D100,TODAY(),"Y")) | F100: F | G100: +222 44 61 10 52 | H100: EL MINA | I100: Oui | K100: =IF(I100<>"Oui","",IF(E100="","",IF(E100<5,"U5",IF(E100<7,"U7",IF(E100<9,"U9",IF(E100<10,"U11",IF(F100="F",IF(E100<12,"U12F","U15F"),IF(E100<11,"U11",IF(E100<13,"U13","U15"))))))))) | O100: En attente | S100: =IF(OR(B100="",R100="",O100="Payé"),"",MAX(0,TODAY()-R100)) | T100: =IF(B100="","",IF(O100="Payé","✅ À jour",IF(R100="","⏳ Pas de date",IF(TODAY()>R100,"🔴 En retard",IF(R100-TODAY()<=7,"🟡 Bientôt dû","🟢 Dans les temps"))))) -> ⏳ Pas de date
A101: 99 | B101: SOUMARÉ | C101: Mariame | D101: 41641 | E101: =IF(D101="","",DATEDIF(D101,TODAY(),"Y")) -> 12 | F101: F | G101: +222 44 44 14 07 | H101: EL MINA | I101: Oui | K101: =IF(I101<>"Oui","",IF(E101="","",IF(E101<5,"U5",IF(E101<7,"U7",IF(E101<9,"U9",IF(E101<10,"U11",IF(F101="F",IF(E101<12,"U12F","U15F"),IF(E101<11,"U11",IF(E101<13,"U13","U15"))))))))) -> U15F | O101: En attente | S101: =IF(OR(B101="",R101="",O101="Payé"),"",MAX(0,TODAY()-R101)) | T101: =IF(B101="","",IF(O101="Payé","✅ À jour",IF(R101="","⏳ Pas de date",IF(TODAY()>R101,"🔴 En retard",IF(R101-TODAY()<=7,"🟡 Bientôt dû","🟢 Dans les temps"))))) -> ⏳ Pas de date
A102: 100 | B102: SOW | C102: Aminata | D102: 41711 | E102: =IF(D102="","",DATEDIF(D102,TODAY(),"Y")) -> 12 | F102: F | G102: +222 46 38 80 03 | H102: CITÉ PLAGE | I102: Oui | K102: =IF(I102<>"Oui","",IF(E102="","",IF(E102<5,"U5",IF(E102<7,"U7",IF(E102<9,"U9",IF(E102<10,"U11",IF(F102="F",IF(E102<12,"U12F","U15F"),IF(E102<11,"U11",IF(E102<13,"U13","U15"))))))))) -> U15F | L102: 1000 | O102: Partiel | P102: 46136 | Q102: pas de document reste a payé 4000 | S102: =IF(OR(B102="",R102="",O102="Payé"),"",MAX(0,TODAY()-R102)) | T102: =IF(B102="","",IF(O102="Payé","✅ À jour",IF(R102="","⏳ Pas de date",IF(TODAY()>R102,"🔴 En retard",IF(R102-TODAY()<=7,"🟡 Bientôt dû","🟢 Dans les temps"))))) -> ⏳ Pas de date
A103: 101 | B103: SOW | C103: Maama | D103: 42805 | E103: =IF(D103="","",DATEDIF(D103,TODAY(),"Y")) -> 9 | F103: F | G103: +222 46 38 80 03 | H103: CITÉ PLAGE | I103: Oui | K103: =IF(I103<>"Oui","",IF(E103="","",IF(E103<5,"U5",IF(E103<7,"U7",IF(E103<9,"U9",IF(E103<10,"U11",IF(F103="F",IF(E103<12,"U12F","U15F"),IF(E103<11,"U11",IF(E103<13,"U13","U15"))))))))) -> U11 | L103: 1000 | O103: Partiel | P103: 46136 | Q103: pas de document reste payé 4000 | S103: =IF(OR(B103="",R103="",O103="Payé"),"",MAX(0,TODAY()-R103)) | T103: =IF(B103="","",IF(O103="Payé","✅ À jour",IF(R103="","⏳ Pas de date",IF(TODAY()>R103,"🔴 En retard",IF(R103-TODAY()<=7,"🟡 Bientôt dû","🟢 Dans les temps"))))) -> ⏳ Pas de date
A104: 102 | B104: DIALLO | C104: Aboubacar | D104: 41242 | E104: =IF(D104="","",DATEDIF(D104,TODAY(),"Y")) -> 13 | F104: M | G104: +222 44 85 59 12 | K104: =IF(I104<>"Oui","",IF(E104="","",IF(E104<5,"U5",IF(E104<7,"U7",IF(E104<9,"U9",IF(E104<10,"U11",IF(F104="F",IF(E104<12,"U12F","U15F"),IF(E104<11,"U11",IF(E104<13,"U13","U15"))))))))) | S104: =IF(OR(B104="",R104="",O104="Payé"),"",MAX(0,TODAY()-R104)) | T104: =IF(B104="","",IF(O104="Payé","✅ À jour",IF(R104="","⏳ Pas de date",IF(TODAY()>R104,"🔴 En retard",IF(R104-TODAY()<=7,"🟡 Bientôt dû","🟢 Dans les temps"))))) -> ⏳ Pas de date
A105: 103 | B105: DIALLO | C105: Birame | D105: 42724 | E105: =IF(D105="","",DATEDIF(D105,TODAY(),"Y")) -> 9 | F105: M | G105: +222 46 41 23 55 | H105: CITÉ PLAGE | I105: Oui | K105: =IF(I105<>"Oui","",IF(E105="","",IF(E105<5,"U5",IF(E105<7,"U7",IF(E105<9,"U9",IF(E105<10,"U11",IF(F105="F",IF(E105<12,"U12F","U15F"),IF(E105<11,"U11",IF(E105<13,"U13","U15"))))))))) -> U11 | L105: 1300 | S105: =IF(OR(B105="",R105="",O105="Payé"),"",MAX(0,TODAY()-R105)) | T105: =IF(B105="","",IF(O105="Payé","✅ À jour",IF(R105="","⏳ Pas de date",IF(TODAY()>R105,"🔴 En retard",IF(R105-TODAY()<=7,"🟡 Bientôt dû","🟢 Dans les temps"))))) -> ⏳ Pas de date
A106: 104 | B106: SAKHO | C106: Amadou | D106: 41274 | E106: =IF(D106="","",DATEDIF(D106,TODAY(),"Y")) -> 13 | F106: M | G106: +222 46 43 00 51 | H106: CITÉ PLAGE | I106: Oui | K106: =IF(I106<>"Oui","",IF(E106="","",IF(E106<5,"U5",IF(E106<7,"U7",IF(E106<9,"U9",IF(E106<10,"U11",IF(F106="F",IF(E106<12,"U12F","U15F"),IF(E106<11,"U11",IF(E106<13,"U13","U15"))))))))) -> U15 | L106: 2000 | O106: Payé | Q106: complet payé mois de mai | S106: =IF(OR(B106="",R106="",O106="Payé"),"",MAX(0,TODAY()-R106)) | T106: =IF(B106="","",IF(O106="Payé","✅ À jour",IF(R106="","⏳ Pas de date",IF(TODAY()>R106,"🔴 En retard",IF(R106-TODAY()<=7,"🟡 Bientôt dû","🟢 Dans les temps"))))) -> ✅ À jour
A107: 105 | B107: SAKHO | C107: Cheikh saad bouh | D107: 42706 | E107: =IF(D107="","",DATEDIF(D107,TODAY(),"Y")) -> 9 | F107: M | G107: +222 46 43 00 51 | H107: CITÉ PLAGE | I107: Oui | K107: =IF(I107<>"Oui","",IF(E107="","",IF(E107<5,"U5",IF(E107<7,"U7",IF(E107<9,"U9",IF(E107<10,"U11",IF(F107="F",IF(E107<12,"U12F","U15F"),IF(E107<11,"U11",IF(E107<13,"U13","U15"))))))))) -> U11 | L107: 2000 | O107: Payé | Q107: complet payé mois de mai | S107: =IF(OR(B107="",R107="",O107="Payé"),"",MAX(0,TODAY()-R107)) | T107: =IF(B107="","",IF(O107="Payé","✅ À jour",IF(R107="","⏳ Pas de date",IF(TODAY()>R107,"🔴 En retard",IF(R107-TODAY()<=7,"🟡 Bientôt dû","🟢 Dans les temps"))))) -> ✅ À jour
A108: 106 | B108: KOÏTA | C108: Mohamed | D108: 42802 | E108: =IF(D108="","",DATEDIF(D108,TODAY(),"Y")) -> 9 | F108: M | G108: +222 46 46 65 50 | H108: CITÉ PLAGE | I108: Oui | K108: =IF(I108<>"Oui","",IF(E108="","",IF(E108<5,"U5",IF(E108<7,"U7",IF(E108<9,"U9",IF(E108<10,"U11",IF(F108="F",IF(E108<12,"U12F","U15F"),IF(E108<11,"U11",IF(E108<13,"U13","U15"))))))))) -> U11 | L108: 1000 | O108: Partiel | P108: 46122 | Q108: manque phto | S108: =IF(OR(B108="",R108="",O108="Payé"),"",MAX(0,TODAY()-R108)) | T108: =IF(B108="","",IF(O108="Payé","✅ À jour",IF(R108="","⏳ Pas de date",IF(TODAY()>R108,"🔴 En retard",IF(R108-TODAY()<=7,"🟡 Bientôt dû","🟢 Dans les temps"))))) -> ⏳ Pas de date
...

Sheet Tableau de Bord
A1: 📊 FIVEUR ACADEMY — TABLEAU DE BORD
A2: INDICATEURS CLÉS
A3: Total Inscrits | D3: =COUNTA(Inscriptions!B3:B202) -> 117
A4: Inscrits Football | D4: =COUNTIF(Inscriptions!I3:I202,"Oui") -> 116
A5: Inscrits Loisirs | D5: =COUNTIF(Inscriptions!J3:J202,"Oui") -> 0
A6: Inscrits Football + Loisirs | D6: =COUNTIFS(Inscriptions!I3:I202,"Oui",Inscriptions!J3:J202,"Oui") -> 0
A7: Garçons | D7: =COUNTIF(Inscriptions!F3:F202,"M") -> 106
A8: Filles | D8: =COUNTIF(Inscriptions!F3:F202,"F") -> 11
A11: RÉPARTITION PAR CATÉGORIE (Football)
A12: Catégorie | B12: Nb Inscrits | C12: Garçons | D12: Filles | E12: % du Total | F12: CA Mensuel
A13: U5 | B13: =COUNTIF(Inscriptions!K3:K202,A13) -> 6 | C13: =COUNTIFS(Inscriptions!K3:K202,A13,Inscriptions!F3:F202,"M") -> 6 | D13: =COUNTIFS(Inscriptions!K3:K202,A13,Inscriptions!F3:F202,"F") -> 0 | E13: =IF(D$3=0,0,B13/D$3) -> 0.051282051 | F13: =B13*VLOOKUP(A13,Paramètres!$A$6:$D$13,4,FALSE()) -> 15000
A14: U7 | B14: =COUNTIF(Inscriptions!K3:K202,A14) -> 17 | C14: =COUNTIFS(Inscriptions!K3:K202,A14,Inscriptions!F3:F202,"M") -> 16 | D14: =COUNTIFS(Inscriptions!K3:K202,A14,Inscriptions!F3:F202,"F") -> 1 | E14: =IF(D$3=0,0,B14/D$3) -> 0.14529915 | F14: =B14*VLOOKUP(A14,Paramètres!$A$6:$D$13,4,FALSE()) -> 51000
A15: U9 | B15: =COUNTIF(Inscriptions!K3:K202,A15) -> 18 | C15: =COUNTIFS(Inscriptions!K3:K202,A15,Inscriptions!F3:F202,"M") -> 16 | D15: =COUNTIFS(Inscriptions!K3:K202,A15,Inscriptions!F3:F202,"F") -> 2 | E15: =IF(D$3=0,0,B15/D$3) -> 0.15384615 | F15: =B15*VLOOKUP(A15,Paramètres!$A$6:$D$13,4,FALSE()) -> 63000
A16: U11 | B16: =COUNTIF(Inscriptions!K3:K202,A16) -> 26 | C16: =COUNTIFS(Inscriptions!K3:K202,A16,Inscriptions!F3:F202,"M") -> 25 | D16: =COUNTIFS(Inscriptions!K3:K202,A16,Inscriptions!F3:F202,"F") -> 1 | E16: =IF(D$3=0,0,B16/D$3) -> 0.22222222 | F16: =B16*VLOOKUP(A16,Paramètres!$A$6:$D$13,4,FALSE()) -> 104000
A17: U12F | B17: =COUNTIF(Inscriptions!K3:K202,A17) -> 4 | C17: =COUNTIFS(Inscriptions!K3:K202,A17,Inscriptions!F3:F202,"M") -> 0 | D17: =COUNTIFS(Inscriptions!K3:K202,A17,Inscriptions!F3:F202,"F") -> 4 | E17: =IF(D$3=0,0,B17/D$3) -> 0.034188034 | F17: =B17*VLOOKUP(A17,Paramètres!$A$6:$D$13,4,FALSE()) -> 16000
A18: U13 | B18: =COUNTIF(Inscriptions!K3:K202,A18) -> 16 | C18: =COUNTIFS(Inscriptions!K3:K202,A18,Inscriptions!F3:F202,"M") -> 16 | D18: =COUNTIFS(Inscriptions!K3:K202,A18,Inscriptions!F3:F202,"F") -> 0 | E18: =IF(D$3=0,0,B18/D$3) -> 0.13675214 | F18: =B18*VLOOKUP(A18,Paramètres!$A$6:$D$13,4,FALSE()) -> 72000
A19: U15 | B19: =COUNTIF(Inscriptions!K3:K202,A19) -> 23 | C19: =COUNTIFS(Inscriptions!K3:K202,A19,Inscriptions!F3:F202,"M") -> 23 | D19: =COUNTIFS(Inscriptions!K3:K202,A19,Inscriptions!F3:F202,"F") -> 0 | E19: =IF(D$3=0,0,B19/D$3) -> 0.1965812 | F19: =B19*VLOOKUP(A19,Paramètres!$A$6:$D$13,4,FALSE()) -> 115000
A20: U15F | B20: =COUNTIF(Inscriptions!K3:K202,A20) -> 2 | C20: =COUNTIFS(Inscriptions!K3:K202,A20,Inscriptions!F3:F202,"M") -> 0 | D20: =COUNTIFS(Inscriptions!K3:K202,A20,Inscriptions!F3:F202,"F") -> 2 | E20: =IF(D$3=0,0,B20/D$3) -> 0.017094017 | F20: =B20*VLOOKUP(A20,Paramètres!$A$6:$D$13,4,FALSE()) -> 10000
A21: TOTAL | B21: =SUM(B13:B20) -> 112 | C21: =SUM(C13:C20) -> 102 | D21: =SUM(D13:D20) -> 10 | E21: =IF(SUM(B13:B20)=0,0,1) -> 1 | F21: =SUM(F13:F20) -> 446000
A24: SYNTHÈSE FINANCIÈRE
A25: CA Football Mensuel | D25: =SUM(Inscriptions!L3:L202) -> 164250
A26: CA Loisirs Mensuel | D26: =SUM(Inscriptions!M3:M202) -> 0
A27: Réductions Combo | D27: =SUM(Inscriptions!L3:L202)+SUM(Inscriptions!M3:M202)-SUM(Inscriptions!N3:N202) -> 35500
A28: CA Total Mensuel (net) | D28: =SUM(Inscriptions!N3:N202) -> 128750
A29: CA Total Annuel (estimé) | D29: =D28*12 -> 1545000
A30: Paiements Reçus (Payé) | D30: =SUMPRODUCT((Inscriptions!O3:O202="Payé")*Inscriptions!N3:N202) -> 91750
A31: Paiements En Attente | D31: =SUMPRODUCT((Inscriptions!O3:O202="En attente")*Inscriptions!N3:N202) -> 0
A32: Taux de Recouvrement | D32: =IF(D28=0,0,D30/D28) -> 0.71262136
A35: SUIVI DES PAIEMENTS
A36: Nb Payé | D36: =COUNTIF(Inscriptions!O3:O202,"Payé") -> 59
A37: Nb En Attente | D37: =COUNTIF(Inscriptions!O3:O202,"En attente") -> 5
A38: Nb Partiel | D38: =COUNTIF(Inscriptions!O3:O202,"Partiel") -> 49
A39: % Payé | D39: =IF(D3=0,0,D36/D3) -> 0.5042735
A42: SUIVI DES RETARDS
A43: 🟢 Dans les temps | D43: =COUNTIF(Inscriptions!T3:T202,"*Dans les temps*") -> 0
A44: 🟡 Bientôt dû (< 7 jours) | D44: =COUNTIF(Inscriptions!T3:T202,"*Bientôt*") -> 0
A45: 🔴 En retard | D45: =COUNTIF(Inscriptions!T3:T202,"*retard*") -> 1
A46: ✅ À jour (payé) | D46: =COUNTIF(Inscriptions!T3:T202,"*jour*") -> 59
A47: Retard moyen (jours) | D47: =IF(COUNTIF(Inscriptions!S3:S202,">"&0)=0,0,AVERAGEIF(Inscriptions!S3:S202,">"&0)) -> 27

Sheet Rappels Paiement
A1: 📱 FIVEUR ACADEMY — RAPPELS DE PAIEMENT
A2: ✏️ MODÈLES DE MESSAGES (personnalisez ci-dessous)
A3: Modèle 1 : | C3: Bonjour, ceci est un rappel de la Fiveur Academy. Le paiement de {MONTANT} pour l'inscription de {PRENOM} {NOM} ({PRESTATION}) est en attente. Date limite : {DATE_LIMITE}. Merci de régulariser. Cordialement, Fiveur Academy.
A4: Modèle 2 : | C4: ⚠️ Bonjour, la Fiveur Academy vous informe que le paiement de {MONTANT} pour {PRENOM} {NOM} est en retard de {RETARD} jour(s). Merci de procéder au règlement dans les plus brefs délais pour maintenir l'inscription. Contact : Fiveur Academy.
A5: Modèle 3 : | C5: ✅ Bonjour, la Fiveur Academy confirme la réception du paiement de {MONTANT} pour {PRENOM} {NOM}. Inscription validée pour : {PRESTATION}. Merci de votre confiance ! ⚽ Fiveur Academy — Since 2023.
A7: 📋 MESSAGES GÉNÉRÉS AUTOMATIQUEMENT (copier-coller vers WhatsApp/SMS)
A8: N° | B8: Nom | C8: Prénom | D8: Téléphone | E8: Prestation | F8: Montant | G8: Statut | H8: Retard | I8: Type Rappel | J8: 📱 Message à Envoyer
A9: =IF(Inscriptions!B3="","",Inscriptions!A3) -> 1 | B9: =IF(Inscriptions!B3="","",Inscriptions!B3) -> SIDIBÉ | C9: =IF(Inscriptions!B3="","",Inscriptions!C3) -> Younous | D9: =IF(Inscriptions!B3="","",Inscriptions!G3) -> +222 49 83 01 84 | E9: =IF(Inscriptions!B3="","",IF(AND(Inscriptions!I3="Oui",Inscriptions!J3="Oui"),"Football + Loisirs",IF(Inscriptions!I3="Oui","Football",IF(Inscriptions!J3="Oui","Centre Loisirs","")))) -> Football | F9: =IF(Inscriptions!B3="","",Inscriptions!N3) -> 1750 | G9: =IF(Inscriptions!B3="","",Inscriptions!O3) -> Payé | H9: =IF(Inscriptions!B3="","",IF(Inscriptions!S3="","—",Inscriptions!S3&" j")) -> — | I9: =IF(Inscriptions!B3="","",IF(Inscriptions!O3="Payé","✅ Confirmation",IF(AND(Inscriptions!S3<>"",Inscriptions!S3>0),"🔴 Retard","🟡 Rappel"))) -> ✅ Confirmation | J9: =IF(Inscriptions!B3="","",IF(Inscriptions!O3="Payé",SUBSTITUTE(SUBSTITUTE(SUBSTITUTE(SUBSTITUTE(C5,"{MONTANT}",TEXT(Inscriptions!N3,"#,##0")&" MRU"),"{PRENOM}",Inscriptions!C3),"{NOM}",Inscriptions!B3),"{PRESTATION}",E9),IF(AND(Inscriptions!S3<>"",Inscriptions!S3>0),SUBSTITUTE(SUBSTITUTE(SUBSTITUTE(SUBSTITUTE(C4,"{MONTANT}",TEXT(Inscriptions!N3,"#,##0")&" MRU"),"{PRENOM}",Inscriptions!C3),"{NOM}",Inscriptions!B3),"{RETARD}",TEXT(Inscriptions!S3,"0")),SUBSTITUTE(SUBSTITUTE(SUBSTITUTE(SUBSTITUTE(SUBSTITUTE(C3,"{MONTANT}",TEXT(Inscriptions!N3,"#,##0")&" MRU"),"{PRENOM}",Inscriptions!C3),"{NOM}",Inscriptions!B3),"{PRESTATION}",E9),"{DATE_LIMITE}",IF(Inscriptions!R3="","non définie",TEXT(Inscriptions!R3,"DD/MM/YYYY")))))) -> ✅ Bonjour, la Fiveur Academy confirme la réception du paiement de 1750,0 MRU pour Younous SIDIBÉ. Inscription validée pour : Football. Merci de votre confiance ! ⚽ Fiveur Academy — Since 2023.
A10: =IF(Inscriptions!B4="","",Inscriptions!A4) -> 2 | B10: =IF(Inscriptions!B4="","",Inscriptions!B4) -> SIDIBÉ | C10: =IF(Inscriptions!B4="","",Inscriptions!C4) -> Zackaria | D10: =IF(Inscriptions!B4="","",Inscriptions!G4) -> +222 49 83 01 84 | E10: =IF(Inscriptions!B4="","",IF(AND(Inscriptions!I4="Oui",Inscriptions!J4="Oui"),"Football + Loisirs",IF(Inscriptions!I4="Oui","Football",IF(Inscriptions!J4="Oui","Centre Loisirs","")))) -> Football | F10: =IF(Inscriptions!B4="","",Inscriptions!N4) -> 1750 | G10: =IF(Inscriptions!B4="","",Inscriptions!O4) -> Payé | H10: =IF(Inscriptions!B4="","",IF(Inscriptions!S4="","—",Inscriptions!S4&" j")) -> — | I10: =IF(Inscriptions!B4="","",IF(Inscriptions!O4="Payé","✅ Confirmation",IF(AND(Inscriptions!S4<>"",Inscriptions!S4>0),"🔴 Retard","🟡 Rappel"))) -> ✅ Confirmation | J10: =IF(Inscriptions!B4="","",IF(Inscriptions!O4="Payé",SUBSTITUTE(SUBSTITUTE(SUBSTITUTE(SUBSTITUTE(C5,"{MONTANT}",TEXT(Inscriptions!N4,"#,##0")&" MRU"),"{PRENOM}",Inscriptions!C4),"{NOM}",Inscriptions!B4),"{PRESTATION}",E10),IF(AND(Inscriptions!S4<>"",Inscriptions!S4>0),SUBSTITUTE(SUBSTITUTE(SUBSTITUTE(SUBSTITUTE(C4,"{MONTANT}",TEXT(Inscriptions!N4,"#,##0")&" MRU"),"{PRENOM}",Inscriptions!C4),"{NOM}",Inscriptions!B4),"{RETARD}",TEXT(Inscriptions!S4,"0")),SUBSTITUTE(SUBSTITUTE(SUBSTITUTE(SUBSTITUTE(SUBSTITUTE(C3,"{MONTANT}",TEXT(Inscriptions!N4,"#,##0")&" MRU"),"{PRENOM}",Inscriptions!C4),"{NOM}",Inscriptions!B4),"{PRESTATION}",E10),"{DATE_LIMITE}",IF(Inscriptions!R4="","non définie",TEXT(Inscriptions!R4,"DD/MM/YYYY")))))) -> ✅ Bonjour, la Fiveur Academy confirme la réception du paiement de 1750,0 MRU pour Zackaria SIDIBÉ. Inscription validée pour : Football. Merci de votre confiance ! ⚽ Fiveur Academy — Since 2023.
A11: =IF(Inscriptions!B5="","",Inscriptions!A5) -> 3 | B11: =IF(Inscriptions!B5="","",Inscriptions!B5) -> DIALLO | C11: =IF(Inscriptions!B5="","",Inscriptions!C5) -> Youssouf | D11: =IF(Inscriptions!B5="","",Inscriptions!G5) -> +222 48 44 07 94 | E11: =IF(Inscriptions!B5="","",IF(AND(Inscriptions!I5="Oui",Inscriptions!J5="Oui"),"Football + Loisirs",IF(Inscriptions!I5="Oui","Football",IF(Inscriptions!J5="Oui","Centre Loisirs","")))) -> Football | F11: =IF(Inscriptions!B5="","",Inscriptions!N5) -> 2000 | G11: =IF(Inscriptions!B5="","",Inscriptions!O5) -> Payé | H11: =IF(Inscriptions!B5="","",IF(Inscriptions!S5="","—",Inscriptions!S5&" j")) -> — | I11: =IF(Inscriptions!B5="","",IF(Inscriptions!O5="Payé","✅ Confirmation",IF(AND(Inscriptions!S5<>"",Inscriptions!S5>0),"🔴 Retard","🟡 Rappel"))) -> ✅ Confirmation | J11: =IF(Inscriptions!B5="","",IF(Inscriptions!O5="Payé",SUBSTITUTE(SUBSTITUTE(SUBSTITUTE(SUBSTITUTE(C5,"{MONTANT}",TEXT(Inscriptions!N5,"#,##0")&" MRU"),"{PRENOM}",Inscriptions!C5),"{NOM}",Inscriptions!B5),"{PRESTATION}",E11),IF(AND(Inscriptions!S5<>"",Inscriptions!S5>0),SUBSTITUTE(SUBSTITUTE(SUBSTITUTE(SUBSTITUTE(C4,"{MONTANT}",TEXT(Inscriptions!N5,"#,##0")&" MRU"),"{PRENOM}",Inscriptions!C5),"{NOM}",Inscriptions!B5),"{RETARD}",TEXT(Inscriptions!S5,"0")),SUBSTITUTE(SUBSTITUTE(SUBSTITUTE(SUBSTITUTE(SUBSTITUTE(C3,"{MONTANT}",TEXT(Inscriptions!N5,"#,##0")&" MRU"),"{PRENOM}",Inscriptions!C5),"{NOM}",Inscriptions!B5),"{PRESTATION}",E11),"{DATE_LIMITE}",IF(Inscriptions!R5="","non définie",TEXT(Inscriptions!R5,"DD/MM/YYYY")))))) -> ✅ Bonjour, la Fiveur Academy confirme la réception du paiement de 2000,0 MRU pour Youssouf DIALLO. Inscription validée pour : Football. Merci de votre confiance ! ⚽ Fiveur Academy — Since 2023.
A12: =IF(Inscriptions!B6="","",Inscriptions!A6) -> 4 | B12: =IF(Inscriptions!B6="","",Inscriptions!B6) -> THIAM | C12: =IF(Inscriptions!B6="","",Inscriptions!C6) -> Mohamed | D12: =IF(Inscriptions!B6="","",Inscriptions!G6) -> +222 41 53 98 46 | E12: =IF(Inscriptions!B6="","",IF(AND(Inscriptions!I6="Oui",Inscriptions!J6="Oui"),"Football + Loisirs",IF(Inscriptions!I6="Oui","Football",IF(Inscriptions!J6="Oui","Centre Loisirs","")))) -> Football | F12: =IF(Inscriptions!B6="","",Inscriptions!N6) -> 1000 | G12: =IF(Inscriptions!B6="","",Inscriptions!O6) -> Partiel | H12: =IF(Inscriptions!B6="","",IF(Inscriptions!S6="","—",Inscriptions!S6&" j")) -> 27 j | I12: =IF(Inscriptions!B6="","",IF(Inscriptions!O6="Payé","✅ Confirmation",IF(AND(Inscriptions!S6<>"",Inscriptions!S6>0),"🔴 Retard","🟡 Rappel"))) -> 🔴 Retard | J12: =IF(Inscriptions!B6="","",IF(Inscriptions!O6="Payé",SUBSTITUTE(SUBSTITUTE(SUBSTITUTE(SUBSTITUTE(C5,"{MONTANT}",TEXT(Inscriptions!N6,"#,##0")&" MRU"),"{PRENOM}",Inscriptions!C6),"{NOM}",Inscriptions!B6),"{PRESTATION}",E12),IF(AND(Inscriptions!S6<>"",Inscriptions!S6>0),SUBSTITUTE(SUBSTITUTE(SUBSTITUTE(SUBSTITUTE(C4,"{MONTANT}",TEXT(Inscriptions!N6,"#,##0")&" MRU"),"{PRENOM}",Inscriptions!C6),"{NOM}",Inscriptions!B6),"{RETARD}",TEXT(Inscriptions!S6,"0")),SUBSTITUTE(SUBSTITUTE(SUBSTITUTE(SUBSTITUTE(SUBSTITUTE(C3,"{MONTANT}",TEXT(Inscriptions!N6,"#,##0")&" MRU"),"{PRENOM}",Inscriptions!C6),"{NOM}",Inscriptions!B6),"{PRESTATION}",E12),"{DATE_LIMITE}",IF(Inscriptions!R6="","non définie",TEXT(Inscriptions!R6,"DD/MM/YYYY")))))) -> ⚠️ Bonjour, la Fiveur Academy vous informe que le paiement de 1000,0 MRU pour Mohamed THIAM est en retard de 27 jour(s). Merci de procéder au règlement dans les plus brefs délais pour maintenir l'inscription. Contact : Fiveur Academy.
A13: =IF(Inscriptions!B7="","",Inscriptions!A7) -> 5 | B13: =IF(Inscriptions!B7="","",Inscriptions!B7) -> THIAM | C13: =IF(Inscriptions!B7="","",Inscriptions!C7) -> Adama | D13: =IF(Inscriptions!B7="","",Inscriptions!G7) -> +222 44 89 92 74 | E13: =IF(Inscriptions!B7="","",IF(AND(Inscriptions!I7="Oui",Inscriptions!J7="Oui"),"Football + Loisirs",IF(Inscriptions!I7="Oui","Football",IF(Inscriptions!J7="Oui","Centre Loisirs","")))) -> Football | F13: =IF(Inscriptions!B7="","",Inscriptions!N7) -> 1000 | G13: =IF(Inscriptions!B7="","",Inscriptions!O7) -> Partiel | H13: =IF(Inscriptions!B7="","",IF(Inscriptions!S7="","—",Inscriptions!S7&" j")) -> — | I13: =IF(Inscriptions!B7="","",IF(Inscriptions!O7="Payé","✅ Confirmation",IF(AND(Inscriptions!S7<>"",Inscriptions!S7>0),"🔴 Retard","🟡 Rappel"))) -> 🟡 Rappel | J13: =IF(Inscriptions!B7="","",IF(Inscriptions!O7="Payé",SUBSTITUTE(SUBSTITUTE(SUBSTITUTE(SUBSTITUTE(C5,"{MONTANT}",TEXT(Inscriptions!N7,"#,##0")&" MRU"),"{PRENOM}",Inscriptions!C7),"{NOM}",Inscriptions!B7),"{PRESTATION}",E13),IF(AND(Inscriptions!S7<>"",Inscriptions!S7>0),SUBSTITUTE(SUBSTITUTE(SUBSTITUTE(SUBSTITUTE(C4,"{MONTANT}",TEXT(Inscriptions!N7,"#,##0")&" MRU"),"{PRENOM}",Inscriptions!C7),"{NOM}",Inscriptions!B7),"{RETARD}",TEXT(Inscriptions!S7,"0")),SUBSTITUTE(SUBSTITUTE(SUBSTITUTE(SUBSTITUTE(SUBSTITUTE(C3,"{MONTANT}",TEXT(Inscriptions!N7,"#,##0")&" MRU"),"{PRENOM}",Inscriptions!C7),"{NOM}",Inscriptions!B7),"{PRESTATION}",E13),"{DATE_LIMITE}",IF(Inscriptions!R7="","non définie",TEXT(Inscriptions!R7,"DD/MM/YYYY")))))) -> Bonjour, ceci est un rappel de la Fiveur Academy. Le paiement de 1000,0 MRU pour l'inscription de Adama THIAM (Football) est en attente. Date limite : non définie. Merci de régulariser. Cordialement, Fiveur Academy.
A14: =IF(Inscriptions!B8="","",Inscriptions!A8) -> 6 | B14: =IF(Inscriptions!B8="","",Inscriptions!B8) -> KOITA | C14: =IF(Inscriptions!B8="","",Inscriptions!C8) -> Mohamed | D14: =IF(Inscriptions!B8="","",Inscriptions!G8) -> +222 46 46 65 50 | E14: =IF(Inscriptions!B8="","",IF(AND(Inscriptions!I8="Oui",Inscriptions!J8="Oui"),"Football + Loisirs",IF(Inscriptions!I8="Oui","Football",IF(Inscriptions!J8="Oui","Centre Loisirs","")))) -> Football | F14: =IF(Inscriptions!B8="","",Inscriptions!N8) -> 0 | G14: =IF(Inscriptions!B8="","",Inscriptions!O8) -> Partiel | H14: =IF(Inscriptions!B8="","",IF(Inscriptions!S8="","—",Inscriptions!S8&" j")) -> — | I14: =IF(Inscriptions!B8="","",IF(Inscriptions!O8="Payé","✅ Confirmation",IF(AND(Inscriptions!S8<>"",Inscriptions!S8>0),"🔴 Retard","🟡 Rappel"))) -> 🟡 Rappel | J14: =IF(Inscriptions!B8="","",IF(Inscriptions!O8="Payé",SUBSTITUTE(SUBSTITUTE(SUBSTITUTE(SUBSTITUTE(C5,"{MONTANT}",TEXT(Inscriptions!N8,"#,##0")&" MRU"),"{PRENOM}",Inscriptions!C8),"{NOM}",Inscriptions!B8),"{PRESTATION}",E14),IF(AND(Inscriptions!S8<>"",Inscriptions!S8>0),SUBSTITUTE(SUBSTITUTE(SUBSTITUTE(SUBSTITUTE(C4,"{MONTANT}",TEXT(Inscriptions!N8,"#,##0")&" MRU"),"{PRENOM}",Inscriptions!C8),"{NOM}",Inscriptions!B8),"{RETARD}",TEXT(Inscriptions!S8,"0")),SUBSTITUTE(SUBSTITUTE(SUBSTITUTE(SUBSTITUTE(SUBSTITUTE(C3,"{MONTANT}",TEXT(Inscriptions!N8,"#,##0")&" MRU"),"{PRENOM}",Inscriptions!C8),"{NOM}",Inscriptions!B8),"{PRESTATION}",E14),"{DATE_LIMITE}",IF(Inscriptions!R8="","non définie",TEXT(Inscriptions!R8,"DD/MM/YYYY")))))) -> Bonjour, ceci est un rappel de la Fiveur Academy. Le paiement de ,0 MRU pour l'inscription de Mohamed KOITA (Football) est en attente. Date limite : non définie. Merci de régulariser. Cordialement, Fiveur Academy.
A15: =IF(Inscriptions!B9="","",Inscriptions!A9) -> 7 | B15: =IF(Inscriptions!B9="","",Inscriptions!B9) -> KOITA | C15: =IF(Inscriptions!B9="","",Inscriptions!C9) -> Youba | D15: =IF(Inscriptions!B9="","",Inscriptions!G9) -> +222 46 46 65 50 | E15: =IF(Inscriptions!B9="","",IF(AND(Inscriptions!I9="Oui",Inscriptions!J9="Oui"),"Football + Loisirs",IF(Inscriptions!I9="Oui","Football",IF(Inscriptions!J9="Oui","Centre Loisirs","")))) -> Football | F15: =IF(Inscriptions!B9="","",Inscriptions!N9) -> 0 | G15: =IF(Inscriptions!B9="","",Inscriptions!O9) -> Partiel | H15: =IF(Inscriptions!B9="","",IF(Inscriptions!S9="","—",Inscriptions!S9&" j")) -> — | I15: =IF(Inscriptions!B9="","",IF(Inscriptions!O9="Payé","✅ Confirmation",IF(AND(Inscriptions!S9<>"",Inscriptions!S9>0),"🔴 Retard","🟡 Rappel"))) -> 🟡 Rappel | J15: =IF(Inscriptions!B9="","",IF(Inscriptions!O9="Payé",SUBSTITUTE(SUBSTITUTE(SUBSTITUTE(SUBSTITUTE(C5,"{MONTANT}",TEXT(Inscriptions!N9,"#,##0")&" MRU"),"{PRENOM}",Inscriptions!C9),"{NOM}",Inscriptions!B9),"{PRESTATION}",E15),IF(AND(Inscriptions!S9<>"",Inscriptions!S9>0),SUBSTITUTE(SUBSTITUTE(SUBSTITUTE(SUBSTITUTE(C4,"{MONTANT}",TEXT(Inscriptions!N9,"#,##0")&" MRU"),"{PRENOM}",Inscriptions!C9),"{NOM}",Inscriptions!B9),"{RETARD}",TEXT(Inscriptions!S9,"0")),SUBSTITUTE(SUBSTITUTE(SUBSTITUTE(SUBSTITUTE(SUBSTITUTE(C3,"{MONTANT}",TEXT(Inscriptions!N9,"#,##0")&" MRU"),"{PRENOM}",Inscriptions!C9),"{NOM}",Inscriptions!B9),"{PRESTATION}",E15),"{DATE_LIMITE}",IF(Inscriptions!R9="","non définie",TEXT(Inscriptions!R9,"DD/MM/YYYY")))))) -> Bonjour, ceci est un rappel de la Fiveur Academy. Le paiement de ,0 MRU pour l'inscription de Youba KOITA (Football) est en attente. Date limite : non définie. Merci de régulariser. Cordialement, Fiveur Academy.
A16: =IF(Inscriptions!B10="","",Inscriptions!A10) -> 8 | B16: =IF(Inscriptions!B10="","",Inscriptions!B10) -> THIAM | C16: =IF(Inscriptions!B10="","",Inscriptions!C10) -> Binta | D16: =IF(Inscriptions!B10="","",Inscriptions!G10) -> +222 41 53 98 46 | E16: =IF(Inscriptions!B10="","",IF(AND(Inscriptions!I10="Oui",Inscriptions!J10="Oui"),"Football + Loisirs",IF(Inscriptions!I10="Oui","Football",IF(Inscriptions!J10="Oui","Centre Loisirs","")))) -> Football | F16: =IF(Inscriptions!B10="","",Inscriptions!N10) -> 1000 | G16: =IF(Inscriptions!B10="","",Inscriptions!O10) -> Partiel | H16: =IF(Inscriptions!B10="","",IF(Inscriptions!S10="","—",Inscriptions!S10&" j")) -> — | I16: =IF(Inscriptions!B10="","",IF(Inscriptions!O10="Payé","✅ Confirmation",IF(AND(Inscriptions!S10<>"",Inscriptions!S10>0),"🔴 Retard","🟡 Rappel"))) -> 🟡 Rappel | J16: =IF(Inscriptions!B10="","",IF(Inscriptions!O10="Payé",SUBSTITUTE(SUBSTITUTE(SUBSTITUTE(SUBSTITUTE(C5,"{MONTANT}",TEXT(Inscriptions!N10,"#,##0")&" MRU"),"{PRENOM}",Inscriptions!C10),"{NOM}",Inscriptions!B10),"{PRESTATION}",E16),IF(AND(Inscriptions!S10<>"",Inscriptions!S10>0),SUBSTITUTE(SUBSTITUTE(SUBSTITUTE(SUBSTITUTE(C4,"{MONTANT}",TEXT(Inscriptions!N10,"#,##0")&" MRU"),"{PRENOM}",Inscriptions!C10),"{NOM}",Inscriptions!B10),"{RETARD}",TEXT(Inscriptions!S10,"0")),SUBSTITUTE(SUBSTITUTE(SUBSTITUTE(SUBSTITUTE(SUBSTITUTE(C3,"{MONTANT}",TEXT(Inscriptions!N10,"#,##0")&" MRU"),"{PRENOM}",Inscriptions!C10),"{NOM}",Inscriptions!B10),"{PRESTATION}",E16),"{DATE_LIMITE}",IF(Inscriptions!R10="","non définie",TEXT(Inscriptions!R10,"DD/MM/YYYY")))))) -> Bonjour, ceci est un rappel de la Fiveur Academy. Le paiement de 1000,0 MRU pour l'inscription de Binta THIAM (Football) est en attente. Date limite : non définie. Merci de régulariser. Cordialement, Fiveur Academy.
A17: =IF(Inscriptions!B11="","",Inscriptions!A11) -> 9 | B17: =IF(Inscriptions!B11="","",Inscriptions!B11) -> DIARRA | C17: =IF(Inscriptions!B11="","",Inscriptions!C11) -> Ibrahim | D17: =IF(Inscriptions!B11="","",Inscriptions!G11) -> +222 41 46 24 13 | E17: =IF(Inscriptions!B11="","",IF(AND(Inscriptions!I11="Oui",Inscriptions!J11="Oui"),"Football + Loisirs",IF(Inscriptions!I11="Oui","Football",IF(Inscriptions!J11="Oui","Centre Loisirs","")))) -> Football | F17: =IF(Inscriptions!B11="","",Inscriptions!N11) -> 1000 | G17: =IF(Inscriptions!B11="","",Inscriptions!O11) -> Partiel | H17: =IF(Inscriptions!B11="","",IF(Inscriptions!S11="","—",Inscriptions!S11&" j")) -> — | I17: =IF(Inscriptions!B11="","",IF(Inscriptions!O11="Payé","✅ Confirmation",IF(AND(Inscriptions!S11<>"",Inscriptions!S11>0),"🔴 Retard","🟡 Rappel"))) -> 🟡 Rappel | J17: =IF(Inscriptions!B11="","",IF(Inscriptions!O11="Payé",SUBSTITUTE(SUBSTITUTE(SUBSTITUTE(SUBSTITUTE(C5,"{MONTANT}",TEXT(Inscriptions!N11,"#,##0")&" MRU"),"{PRENOM}",Inscriptions!C11),"{NOM}",Inscriptions!B11),"{PRESTATION}",E17),IF(AND(Inscriptions!S11<>"",Inscriptions!S11>0),SUBSTITUTE(SUBSTITUTE(SUBSTITUTE(SUBSTITUTE(C4,"{MONTANT}",TEXT(Inscriptions!N11,"#,##0")&" MRU"),"{PRENOM}",Inscriptions!C11),"{NOM}",Inscriptions!B11),"{RETARD}",TEXT(Inscriptions!S11,"0")),SUBSTITUTE(SUBSTITUTE(SUBSTITUTE(SUBSTITUTE(SUBSTITUTE(C3,"{MONTANT}",TEXT(Inscriptions!N11,"#,##0")&" MRU"),"{PRENOM}",Inscriptions!C11),"{NOM}",Inscriptions!B11),"{PRESTATION}",E17),"{DATE_LIMITE}",IF(Inscriptions!R11="","non définie",TEXT(Inscriptions!R11,"DD/MM/YYYY")))))) -> Bonjour, ceci est un rappel de la Fiveur Academy. Le paiement de 1000,0 MRU pour l'inscription de Ibrahim DIARRA (Football) est en attente. Date limite : non définie. Merci de régulariser. Cordialement, Fiveur Academy.
A18: =IF(Inscriptions!B12="","",Inscriptions!A12) -> 10 | B18: =IF(Inscriptions!B12="","",Inscriptions!B12) -> BA | C18: =IF(Inscriptions!B12="","",Inscriptions!C12) -> Amadou | D18: =IF(Inscriptions!B12="","",Inscriptions!G12) -> +222 46 33 74 63 | E18: =IF(Inscriptions!B12="","",IF(AND(Inscriptions!I12="Oui",Inscriptions!J12="Oui"),"Football + Loisirs",IF(Inscriptions!I12="Oui","Football",IF(Inscriptions!J12="Oui","Centre Loisirs","")))) -> Football | F18: =IF(Inscriptions!B12="","",Inscriptions!N12) -> 1000 | G18: =IF(Inscriptions!B12="","",Inscriptions!O12) -> Partiel | H18: =IF(Inscriptions!B12="","",IF(Inscriptions!S12="","—",Inscriptions!S12&" j")) -> — | I18: =IF(Inscriptions!B12="","",IF(Inscriptions!O12="Payé","✅ Confirmation",IF(AND(Inscriptions!S12<>"",Inscriptions!S12>0),"🔴 Retard","🟡 Rappel"))) -> 🟡 Rappel | J18: =IF(Inscriptions!B12="","",IF(Inscriptions!O12="Payé",SUBSTITUTE(SUBSTITUTE(SUBSTITUTE(SUBSTITUTE(C5,"{MONTANT}",TEXT(Inscriptions!N12,"#,##0")&" MRU"),"{PRENOM}",Inscriptions!C12),"{NOM}",Inscriptions!B12),"{PRESTATION}",E18),IF(AND(Inscriptions!S12<>"",Inscriptions!S12>0),SUBSTITUTE(SUBSTITUTE(SUBSTITUTE(SUBSTITUTE(C4,"{MONTANT}",TEXT(Inscriptions!N12,"#,##0")&" MRU"),"{PRENOM}",Inscriptions!C12),"{NOM}",Inscriptions!B12),"{RETARD}",TEXT(Inscriptions!S12,"0")),SUBSTITUTE(SUBSTITUTE(SUBSTITUTE(SUBSTITUTE(SUBSTITUTE(C3,"{MONTANT}",TEXT(Inscriptions!N12,"#,##0")&" MRU"),"{PRENOM}",Inscriptions!C12),"{NOM}",Inscriptions!B12),"{PRESTATION}",E18),"{DATE_LIMITE}",IF(Inscriptions!R12="","non définie",TEXT(Inscriptions!R12,"DD/MM/YYYY")))))) -> Bonjour, ceci est un rappel de la Fiveur Academy. Le paiement de 1000,0 MRU pour l'inscription de Amadou BA (Football) est en attente. Date limite : non définie. Merci de régulariser. Cordialement, Fiveur Academy.
A19: =IF(Inscriptions!B13="","",Inscriptions!A13) -> 11 | B19: =IF(Inscriptions!B13="","",Inscriptions!B13) -> SAKHO | C19: =IF(Inscriptions!B13="","",Inscriptions!C13) -> Boubou | D19: =IF(Inscriptions!B13="","",Inscriptions!G13) -> +222 49 07 16 53 | E19: =IF(Inscriptions!B13="","",IF(AND(Inscriptions!I13="Oui",Inscriptions!J13="Oui"),"Football + Loisirs",IF(Inscriptions!I13="Oui","Football",IF(Inscriptions!J13="Oui","Centre Loisirs","")))) -> Football | F19: =IF(Inscriptions!B13="","",Inscriptions!N13) -> 2000 | G19: =IF(Inscriptions!B13="","",Inscriptions!O13) -> Payé | H19: =IF(Inscriptions!B13="","",IF(Inscriptions!S13="","—",Inscriptions!S13&" j")) -> — | I19: =IF(Inscriptions!B13="","",IF(Inscriptions!O13="Payé","✅ Confirmation",IF(AND(Inscriptions!S13<>"",Inscriptions!S13>0),"🔴 Retard","🟡 Rappel"))) -> ✅ Confirmation | J19: =IF(Inscriptions!B13="","",IF(Inscriptions!O13="Payé",SUBSTITUTE(SUBSTITUTE(SUBSTITUTE(SUBSTITUTE(C5,"{MONTANT}",TEXT(Inscriptions!N13,"#,##0")&" MRU"),"{PRENOM}",Inscriptions!C13),"{NOM}",Inscriptions!B13),"{PRESTATION}",E19),IF(AND(Inscriptions!S13<>"",Inscriptions!S13>0),SUBSTITUTE(SUBSTITUTE(SUBSTITUTE(SUBSTITUTE(C4,"{MONTANT}",TEXT(Inscriptions!N13,"#,##0")&" MRU"),"{PRENOM}",Inscriptions!C13),"{NOM}",Inscriptions!B13),"{RETARD}",TEXT(Inscriptions!S13,"0")),SUBSTITUTE(SUBSTITUTE(SUBSTITUTE(SUBSTITUTE(SUBSTITUTE(C3,"{MONTANT}",TEXT(Inscriptions!N13,"#,##0")&" MRU"),"{PRENOM}",Inscriptions!C13),"{NOM}",Inscriptions!B13),"{PRESTATION}",E19),"{DATE_LIMITE}",IF(Inscriptions!R13="","non définie",TEXT(Inscriptions!R13,"DD/MM/YYYY")))))) -> ✅ Bonjour, la Fiveur Academy confirme la réception du paiement de 2000,0 MRU pour Boubou SAKHO . Inscription validée pour : Football. Merci de votre confiance ! ⚽ Fiveur Academy — Since 2023.
A20: =IF(Inscriptions!B14="","",Inscriptions!A14) -> 12 | B20: =IF(Inscriptions!B14="","",Inscriptions!B14) -> DJIGO | C20: =IF(Inscriptions!B14="","",Inscriptions!C14) -> Cheikh bay | D20: =IF(Inscriptions!B14="","",Inscriptions!G14) -> +222 49 47 01 42 | E20: =IF(Inscriptions!B14="","",IF(AND(Inscriptions!I14="Oui",Inscriptions!J14="Oui"),"Football + Loisirs",IF(Inscriptions!I14="Oui","Football",IF(Inscriptions!J14="Oui","Centre Loisirs","")))) -> Football | F20: =IF(Inscriptions!B14="","",Inscriptions!N14) -> 0 | G20: =IF(Inscriptions!B14="","",Inscriptions!O14) -> En attente | H20: =IF(Inscriptions!B14="","",IF(Inscriptions!S14="","—",Inscriptions!S14&" j")) -> " j | I20: =IF(Inscriptions!B14="","",IF(Inscriptions!O14="Payé","✅ Confirmation",IF(AND(Inscriptions!S14<>"",Inscriptions!S14>0),"🔴 Retard","🟡 Rappel"))) -> 🔴 Retard | J20: =IF(Inscriptions!B14="","",IF(Inscriptions!O14="Payé",SUBSTITUTE(SUBSTITUTE(SUBSTITUTE(SUBSTITUTE(C5,"{MONTANT}",TEXT(Inscriptions!N14,"#,##0")&" MRU"),"{PRENOM}",Inscriptions!C14),"{NOM}",Inscriptions!B14),"{PRESTATION}",E20),IF(AND(Inscriptions!S14<>"",Inscriptions!S14>0),SUBSTITUTE(SUBSTITUTE(SUBSTITUTE(SUBSTITUTE(C4,"{MONTANT}",TEXT(Inscriptions!N14,"#,##0")&" MRU"),"{PRENOM}",Inscriptions!C14),"{NOM}",Inscriptions!B14),"{RETARD}",TEXT(Inscriptions!S14,"0")),SUBSTITUTE(SUBSTITUTE(SUBSTITUTE(SUBSTITUTE(SUBSTITUTE(C3,"{MONTANT}",TEXT(Inscriptions!N14,"#,##0")&" MRU"),"{PRENOM}",Inscriptions!C14),"{NOM}",Inscriptions!B14),"{PRESTATION}",E20),"{DATE_LIMITE}",IF(Inscriptions!R14="","non définie",TEXT(Inscriptions!R14,"DD/MM/YYYY")))))) -> ⚠️ Bonjour, la Fiveur Academy vous informe que le paiement de ,0 MRU pour Cheikh bay DJIGO est en retard de " jour(s). Merci de procéder au règlement dans les plus brefs délais pour maintenir l'inscription. Contact : Fiveur Academy.
A21: =IF(Inscriptions!B15="","",Inscriptions!A15) | B21: =IF(Inscriptions!B15="","",Inscriptions!B15) | C21: =IF(Inscriptions!B15="","",Inscriptions!C15) | D21: =IF(Inscriptions!B15="","",Inscriptions!G15) | E21: =IF(Inscriptions!B15="","",IF(AND(Inscriptions!I15="Oui",Inscriptions!J15="Oui"),"Football + Loisirs",IF(Inscriptions!I15="Oui","Football",IF(Inscriptions!J15="Oui","Centre Loisirs","")))) | F21: =IF(Inscriptions!B15="","",Inscriptions!N15) | G21: =IF(Inscriptions!B15="","",Inscriptions!O15) | H21: =IF(Inscriptions!B15="","",IF(Inscriptions!S15="","—",Inscriptions!S15&" j")) | I21: =IF(Inscriptions!B15="","",IF(Inscriptions!O15="Payé","✅ Confirmation",IF(AND(Inscriptions!S15<>"",Inscriptions!S15>0),"🔴 Retard","🟡 Rappel"))) | J21: =IF(Inscriptions!B15="","",IF(Inscriptions!O15="Payé",SUBSTITUTE(SUBSTITUTE(SUBSTITUTE(SUBSTITUTE(C5,"{MONTANT}",TEXT(Inscriptions!N15,"#,##0")&" MRU"),"{PRENOM}",Inscriptions!C15),"{NOM}",Inscriptions!B15),"{PRESTATION}",E21),IF(AND(Inscriptions!S15<>"",Inscriptions!S15>0),SUBSTITUTE(SUBSTITUTE(SUBSTITUTE(SUBSTITUTE(C4,"{MONTANT}",TEXT(Inscriptions!N15,"#,##0")&" MRU"),"{PRENOM}",Inscriptions!C15),"{NOM}",Inscriptions!B15),"{RETARD}",TEXT(Inscriptions!S15,"0")),SUBSTITUTE(SUBSTITUTE(SUBSTITUTE(SUBSTITUTE(SUBSTITUTE(C3,"{MONTANT}",TEXT(Inscriptions!N15,"#,##0")&" MRU"),"{PRENOM}",Inscriptions!C15),"{NOM}",Inscriptions!B15),"{PRESTATION}",E21),"{DATE_LIMITE}",IF(Inscriptions!R15="","non définie",TEXT(Inscriptions!R15,"DD/MM/YYYY"))))))
A22: =IF(Inscriptions!B16="","",Inscriptions!A16) | B22: =IF(Inscriptions!B16="","",Inscriptions!B16) | C22: =IF(Inscriptions!B16="","",Inscriptions!C16) | D22: =IF(Inscriptions!B16="","",Inscriptions!G16) | E22: =IF(Inscriptions!B16="","",IF(AND(Inscriptions!I16="Oui",Inscriptions!J16="Oui"),"Football + Loisirs",IF(Inscriptions!I16="Oui","Football",IF(Inscriptions!J16="Oui","Centre Loisirs","")))) | F22: =IF(Inscriptions!B16="","",Inscriptions!N16) | G22: =IF(Inscriptions!B16="","",Inscriptions!O16) | H22: =IF(Inscriptions!B16="","",IF(Inscriptions!S16="","—",Inscriptions!S16&" j")) | I22: =IF(Inscriptions!B16="","",IF(Inscriptions!O16="Payé","✅ Confirmation",IF(AND(Inscriptions!S16<>"",Inscriptions!S16>0),"🔴 Retard","🟡 Rappel"))) | J22: =IF(Inscriptions!B16="","",IF(Inscriptions!O16="Payé",SUBSTITUTE(SUBSTITUTE(SUBSTITUTE(SUBSTITUTE(C5,"{MONTANT}",TEXT(Inscriptions!N16,"#,##0")&" MRU"),"{PRENOM}",Inscriptions!C16),"{NOM}",Inscriptions!B16),"{PRESTATION}",E22),IF(AND(Inscriptions!S16<>"",Inscriptions!S16>0),SUBSTITUTE(SUBSTITUTE(SUBSTITUTE(SUBSTITUTE(C4,"{MONTANT}",TEXT(Inscriptions!N16,"#,##0")&" MRU"),"{PRENOM}",Inscriptions!C16),"{NOM}",Inscriptions!B16),"{RETARD}",TEXT(Inscriptions!S16,"0")),SUBSTITUTE(SUBSTITUTE(SUBSTITUTE(SUBSTITUTE(SUBSTITUTE(C3,"{MONTANT}",TEXT(Inscriptions!N16,"#,##0")&" MRU"),"{PRENOM}",Inscriptions!C16),"{NOM}",Inscriptions!B16),"{PRESTATION}",E22),"{DATE_LIMITE}",IF(Inscriptions!R16="","non définie",TEXT(Inscriptions!R16,"DD/MM/YYYY"))))))
A23: =IF(Inscriptions!B17="","",Inscriptions!A17) -> 15 | B23: =IF(Inscriptions!B17="","",Inscriptions!B17) -> NBODJ | C23: =IF(Inscriptions!B17="","",Inscriptions!C17) -> Babacar | D23: =IF(Inscriptions!B17="","",Inscriptions!G17) -> +222 44 89 97 98 | E23: =IF(Inscriptions!B17="","",IF(AND(Inscriptions!I17="Oui",Inscriptions!J17="Oui"),"Football + Loisirs",IF(Inscriptions!I17="Oui","Football",IF(Inscriptions!J17="Oui","Centre Loisirs","")))) -> Football | F23: =IF(Inscriptions!B17="","",Inscriptions!N17) -> 2000 | G23: =IF(Inscriptions!B17="","",Inscriptions!O17) -> Payé | H23: =IF(Inscriptions!B17="","",IF(Inscriptions!S17="","—",Inscriptions!S17&" j")) -> — | I23: =IF(Inscriptions!B17="","",IF(Inscriptions!O17="Payé","✅ Confirmation",IF(AND(Inscriptions!S17<>"",Inscriptions!S17>0),"🔴 Retard","🟡 Rappel"))) -> ✅ Confirmation | J23: =IF(Inscriptions!B17="","",IF(Inscriptions!O17="Payé",SUBSTITUTE(SUBSTITUTE(SUBSTITUTE(SUBSTITUTE(C5,"{MONTANT}",TEXT(Inscriptions!N17,"#,##0")&" MRU"),"{PRENOM}",Inscriptions!C17),"{NOM}",Inscriptions!B17),"{PRESTATION}",E23),IF(AND(Inscriptions!S17<>"",Inscriptions!S17>0),SUBSTITUTE(SUBSTITUTE(SUBSTITUTE(SUBSTITUTE(C4,"{MONTANT}",TEXT(Inscriptions!N17,"#,##0")&" MRU"),"{PRENOM}",Inscriptions!C17),"{NOM}",Inscriptions!B17),"{RETARD}",TEXT(Inscriptions!S17,"0")),SUBSTITUTE(SUBSTITUTE(SUBSTITUTE(SUBSTITUTE(SUBSTITUTE(C3,"{MONTANT}",TEXT(Inscriptions!N17,"#,##0")&" MRU"),"{PRENOM}",Inscriptions!C17),"{NOM}",Inscriptions!B17),"{PRESTATION}",E23),"{DATE_LIMITE}",IF(Inscriptions!R17="","non définie",TEXT(Inscriptions!R17,"DD/MM/YYYY")))))) -> ✅ Bonjour, la Fiveur Academy confirme la réception du paiement de 2000,0 MRU pour Babacar NBODJ. Inscription validée pour : Football. Merci de votre confiance ! ⚽ Fiveur Academy — Since 2023.
A24: =IF(Inscriptions!B18="","",Inscriptions!A18) -> 16 | B24: =IF(Inscriptions!B18="","",Inscriptions!B18) -> KANE | C24: =IF(Inscriptions!B18="","",Inscriptions!C18) -> Alassane | D24: =IF(Inscriptions!B18="","",Inscriptions!G18) -> +222 42 63 50 50 | E24: =IF(Inscriptions!B18="","",IF(AND(Inscriptions!I18="Oui",Inscriptions!J18="Oui"),"Football + Loisirs",IF(Inscriptions!I18="Oui","Football",IF(Inscriptions!J18="Oui","Centre Loisirs","")))) -> Football | F24: =IF(Inscriptions!B18="","",Inscriptions!N18) -> 3000 | G24: =IF(Inscriptions!B18="","",Inscriptions!O18) -> Payé | H24: =IF(Inscriptions!B18="","",IF(Inscriptions!S18="","—",Inscriptions!S18&" j")) -> — | I24: =IF(Inscriptions!B18="","",IF(Inscriptions!O18="Payé","✅ Confirmation",IF(AND(Inscriptions!S18<>"",Inscriptions!S18>0),"🔴 Retard","🟡 Rappel"))) -> ✅ Confirmation | J24: =IF(Inscriptions!B18="","",IF(Inscriptions!O18="Payé",SUBSTITUTE(SUBSTITUTE(SUBSTITUTE(SUBSTITUTE(C5,"{MONTANT}",TEXT(Inscriptions!N18,"#,##0")&" MRU"),"{PRENOM}",Inscriptions!C18),"{NOM}",Inscriptions!B18),"{PRESTATION}",E24),IF(AND(Inscriptions!S18<>"",Inscriptions!S18>0),SUBSTITUTE(SUBSTITUTE(SUBSTITUTE(SUBSTITUTE(C4,"{MONTANT}",TEXT(Inscriptions!N18,"#,##0")&" MRU"),"{PRENOM}",Inscriptions!C18),"{NOM}",Inscriptions!B18),"{RETARD}",TEXT(Inscriptions!S18,"0")),SUBSTITUTE(SUBSTITUTE(SUBSTITUTE(SUBSTITUTE(SUBSTITUTE(C3,"{MONTANT}",TEXT(Inscriptions!N18,"#,##0")&" MRU"),"{PRENOM}",Inscriptions!C18),"{NOM}",Inscriptions!B18),"{PRESTATION}",E24),"{DATE_LIMITE}",IF(Inscriptions!R18="","non définie",TEXT(Inscriptions!R18,"DD/MM/YYYY")))))) -> ✅ Bonjour, la Fiveur Academy confirme la réception du paiement de 3000,0 MRU pour Alassane KANE. Inscription validée pour : Football. Merci de votre confiance ! ⚽ Fiveur Academy — Since 2023.
A25: =IF(Inscriptions!B19="","",Inscriptions!A19) -> 17 | B25: =IF(Inscriptions!B19="","",Inscriptions!B19) -> DIALLO | C25: =IF(Inscriptions!B19="","",Inscriptions!C19) -> Abou | D25: =IF(Inscriptions!B19="","",Inscriptions!G19) -> +222 48 44 07 94 | E25: =IF(Inscriptions!B19="","",IF(AND(Inscriptions!I19="Oui",Inscriptions!J19="Oui"),"Football + Loisirs",IF(Inscriptions!I19="Oui","Football",IF(Inscriptions!J19="Oui","Centre Loisirs","")))) -> Football | F25: =IF(Inscriptions!B19="","",Inscriptions!N19) -> 2000 | G25: =IF(Inscriptions!B19="","",Inscriptions!O19) -> Payé | H25: =IF(Inscriptions!B19="","",IF(Inscriptions!S19="","—",Inscriptions!S19&" j")) -> — | I25: =IF(Inscriptions!B19="","",IF(Inscriptions!O19="Payé","✅ Confirmation",IF(AND(Inscriptions!S19<>"",Inscriptions!S19>0),"🔴 Retard","🟡 Rappel"))) -> ✅ Confirmation | J25: =IF(Inscriptions!B19="","",IF(Inscriptions!O19="Payé",SUBSTITUTE(SUBSTITUTE(SUBSTITUTE(SUBSTITUTE(C5,"{MONTANT}",TEXT(Inscriptions!N19,"#,##0")&" MRU"),"{PRENOM}",Inscriptions!C19),"{NOM}",Inscriptions!B19),"{PRESTATION}",E25),IF(AND(Inscriptions!S19<>"",Inscriptions!S19>0),SUBSTITUTE(SUBSTITUTE(SUBSTITUTE(SUBSTITUTE(C4,"{MONTANT}",TEXT(Inscriptions!N19,"#,##0")&" MRU"),"{PRENOM}",Inscriptions!C19),"{NOM}",Inscriptions!B19),"{RETARD}",TEXT(Inscriptions!S19,"0")),SUBSTITUTE(SUBSTITUTE(SUBSTITUTE(SUBSTITUTE(SUBSTITUTE(C3,"{MONTANT}",TEXT(Inscriptions!N19,"#,##0")&" MRU"),"{PRENOM}",Inscriptions!C19),"{NOM}",Inscriptions!B19),"{PRESTATION}",E25),"{DATE_LIMITE}",IF(Inscriptions!R19="","non définie",TEXT(Inscriptions!R19,"DD/MM/YYYY")))))) -> ✅ Bonjour, la Fiveur Academy confirme la réception du paiement de 2000,0 MRU pour Abou DIALLO. Inscription validée pour : Football. Merci de votre confiance ! ⚽ Fiveur Academy — Since 2023.
A26: =IF(Inscriptions!B20="","",Inscriptions!A20) -> 18 | B26: =IF(Inscriptions!B20="","",Inscriptions!B20) -> SOW | C26: =IF(Inscriptions!B20="","",Inscriptions!C20) -> Mohamed | D26: =IF(Inscriptions!B20="","",Inscriptions!G20) -> +222 44 89 97 98 | E26: =IF(Inscriptions!B20="","",IF(AND(Inscriptions!I20="Oui",Inscriptions!J20="Oui"),"Football + Loisirs",IF(Inscriptions!I20="Oui","Football",IF(Inscriptions!J20="Oui","Centre Loisirs","")))) -> Football | F26: =IF(Inscriptions!B20="","",Inscriptions!N20) -> 0 | G26: =IF(Inscriptions!B20="","",Inscriptions!O20) -> 0 | H26: =IF(Inscriptions!B20="","",IF(Inscriptions!S20="","—",Inscriptions!S20&" j")) -> — | I26: =IF(Inscriptions!B20="","",IF(Inscriptions!O20="Payé","✅ Confirmation",IF(AND(Inscriptions!S20<>"",Inscriptions!S20>0),"🔴 Retard","🟡 Rappel"))) -> 🟡 Rappel | J26: =IF(Inscriptions!B20="","",IF(Inscriptions!O20="Payé",SUBSTITUTE(SUBSTITUTE(SUBSTITUTE(SUBSTITUTE(C5,"{MONTANT}",TEXT(Inscriptions!N20,"#,##0")&" MRU"),"{PRENOM}",Inscriptions!C20),"{NOM}",Inscriptions!B20),"{PRESTATION}",E26),IF(AND(Inscriptions!S20<>"",Inscriptions!S20>0),SUBSTITUTE(SUBSTITUTE(SUBSTITUTE(SUBSTITUTE(C4,"{MONTANT}",TEXT(Inscriptions!N20,"#,##0")&" MRU"),"{PRENOM}",Inscriptions!C20),"{NOM}",Inscriptions!B20),"{RETARD}",TEXT(Inscriptions!S20,"0")),SUBSTITUTE(SUBSTITUTE(SUBSTITUTE(SUBSTITUTE(SUBSTITUTE(C3,"{MONTANT}",TEXT(Inscriptions!N20,"#,##0")&" MRU"),"{PRENOM}",Inscriptions!C20),"{NOM}",Inscriptions!B20),"{PRESTATION}",E26),"{DATE_LIMITE}",IF(Inscriptions!R20="","non définie",TEXT(Inscriptions!R20,"DD/MM/YYYY")))))) -> Bonjour, ceci est un rappel de la Fiveur Academy. Le paiement de ,0 MRU pour l'inscription de Mohamed SOW (Football) est en attente. Date limite : non définie. Merci de régulariser. Cordialement, Fiveur Academy.
A27: =IF(Inscriptions!B21="","",Inscriptions!A21) -> 19 | B27: =IF(Inscriptions!B21="","",Inscriptions!B21) -> DIALLO | C27: =IF(Inscriptions!B21="","",Inscriptions!C21) -> Souleymane | D27: =IF(Inscriptions!B21="","",Inscriptions!G21) -> +222 26 31 86 93 | E27: =IF(Inscriptions!B21="","",IF(AND(Inscriptions!I21="Oui",Inscriptions!J21="Oui"),"Football + Loisirs",IF(Inscriptions!I21="Oui","Football",IF(Inscriptions!J21="Oui","Centre Loisirs","")))) -> Football | F27: =IF(Inscriptions!B21="","",Inscriptions!N21) -> 0 | G27: =IF(Inscriptions!B21="","",Inscriptions!O21) -> Partiel | H27: =IF(Inscriptions!B21="","",IF(Inscriptions!S21="","—",Inscriptions!S21&" j")) -> — | I27: =IF(Inscriptions!B21="","",IF(Inscriptions!O21="Payé","✅ Confirmation",IF(AND(Inscriptions!S21<>"",Inscriptions!S21>0),"🔴 Retard","🟡 Rappel"))) -> 🟡 Rappel | J27: =IF(Inscriptions!B21="","",IF(Inscriptions!O21="Payé",SUBSTITUTE(SUBSTITUTE(SUBSTITUTE(SUBSTITUTE(C5,"{MONTANT}",TEXT(Inscriptions!N21,"#,##0")&" MRU"),"{PRENOM}",Inscriptions!C21),"{NOM}",Inscriptions!B21),"{PRESTATION}",E27),IF(AND(Inscriptions!S21<>"",Inscriptions!S21>0),SUBSTITUTE(SUBSTITUTE(SUBSTITUTE(SUBSTITUTE(C4,"{MONTANT}",TEXT(Inscriptions!N21,"#,##0")&" MRU"),"{PRENOM}",Inscriptions!C21),"{NOM}",Inscriptions!B21),"{RETARD}",TEXT(Inscriptions!S21,"0")),SUBSTITUTE(SUBSTITUTE(SUBSTITUTE(SUBSTITUTE(SUBSTITUTE(C3,"{MONTANT}",TEXT(Inscriptions!N21,"#,##0")&" MRU"),"{PRENOM}",Inscriptions!C21),"{NOM}",Inscriptions!B21),"{PRESTATION}",E27),"{DATE_LIMITE}",IF(Inscriptions!R21="","non définie",TEXT(Inscriptions!R21,"DD/MM/YYYY")))))) -> Bonjour, ceci est un rappel de la Fiveur Academy. Le paiement de ,0 MRU pour l'inscription de Souleymane DIALLO (Football) est en attente. Date limite : non définie. Merci de régulariser. Cordialement, Fiveur Academy.
A28: =IF(Inscriptions!B22="","",Inscriptions!A22) | B28: =IF(Inscriptions!B22="","",Inscriptions!B22) | C28: =IF(Inscriptions!B22="","",Inscriptions!C22) | D28: =IF(Inscriptions!B22="","",Inscriptions!G22) | E28: =IF(Inscriptions!B22="","",IF(AND(Inscriptions!I22="Oui",Inscriptions!J22="Oui"),"Football + Loisirs",IF(Inscriptions!I22="Oui","Football",IF(Inscriptions!J22="Oui","Centre Loisirs","")))) | F28: =IF(Inscriptions!B22="","",Inscriptions!N22) | G28: =IF(Inscriptions!B22="","",Inscriptions!O22) | H28: =IF(Inscriptions!B22="","",IF(Inscriptions!S22="","—",Inscriptions!S22&" j")) | I28: =IF(Inscriptions!B22="","",IF(Inscriptions!O22="Payé","✅ Confirmation",IF(AND(Inscriptions!S22<>"",Inscriptions!S22>0),"🔴 Retard","🟡 Rappel"))) | J28: =IF(Inscriptions!B22="","",IF(Inscriptions!O22="Payé",SUBSTITUTE(SUBSTITUTE(SUBSTITUTE(SUBSTITUTE(C5,"{MONTANT}",TEXT(Inscriptions!N22,"#,##0")&" MRU"),"{PRENOM}",Inscriptions!C22),"{NOM}",Inscriptions!B22),"{PRESTATION}",E28),IF(AND(Inscriptions!S22<>"",Inscriptions!S22>0),SUBSTITUTE(SUBSTITUTE(SUBSTITUTE(SUBSTITUTE(C4,"{MONTANT}",TEXT(Inscriptions!N22,"#,##0")&" MRU"),"{PRENOM}",Inscriptions!C22),"{NOM}",Inscriptions!B22),"{RETARD}",TEXT(Inscriptions!S22,"0")),SUBSTITUTE(SUBSTITUTE(SUBSTITUTE(SUBSTITUTE(SUBSTITUTE(C3,"{MONTANT}",TEXT(Inscriptions!N22,"#,##0")&" MRU"),"{PRENOM}",Inscriptions!C22),"{NOM}",Inscriptions!B22),"{PRESTATION}",E28),"{DATE_LIMITE}",IF(Inscriptions!R22="","non définie",TEXT(Inscriptions!R22,"DD/MM/YYYY"))))))
A29: =IF(Inscriptions!B23="","",Inscriptions!A23) | B29: =IF(Inscriptions!B23="","",Inscriptions!B23) | C29: =IF(Inscriptions!B23="","",Inscriptions!C23) | D29: =IF(Inscriptions!B23="","",Inscriptions!G23) | E29: =IF(Inscriptions!B23="","",IF(AND(Inscriptions!I23="Oui",Inscriptions!J23="Oui"),"Football + Loisirs",IF(Inscriptions!I23="Oui","Football",IF(Inscriptions!J23="Oui","Centre Loisirs","")))) | F29: =IF(Inscriptions!B23="","",Inscriptions!N23) | G29: =IF(Inscriptions!B23="","",Inscriptions!O23) | H29: =IF(Inscriptions!B23="","",IF(Inscriptions!S23="","—",Inscriptions!S23&" j")) | I29: =IF(Inscriptions!B23="","",IF(Inscriptions!O23="Payé","✅ Confirmation",IF(AND(Inscriptions!S23<>"",Inscriptions!S23>0),"🔴 Retard","🟡 Rappel"))) | J29: =IF(Inscriptions!B23="","",IF(Inscriptions!O23="Payé",SUBSTITUTE(SUBSTITUTE(SUBSTITUTE(SUBSTITUTE(C5,"{MONTANT}",TEXT(Inscriptions!N23,"#,##0")&" MRU"),"{PRENOM}",Inscriptions!C23),"{NOM}",Inscriptions!B23),"{PRESTATION}",E29),IF(AND(Inscriptions!S23<>"",Inscriptions!S23>0),SUBSTITUTE(SUBSTITUTE(SUBSTITUTE(SUBSTITUTE(C4,"{MONTANT}",TEXT(Inscriptions!N23,"#,##0")&" MRU"),"{PRENOM}",Inscriptions!C23),"{NOM}",Inscriptions!B23),"{RETARD}",TEXT(Inscriptions!S23,"0")),SUBSTITUTE(SUBSTITUTE(SUBSTITUTE(SUBSTITUTE(SUBSTITUTE(C3,"{MONTANT}",TEXT(Inscriptions!N23,"#,##0")&" MRU"),"{PRENOM}",Inscriptions!C23),"{NOM}",Inscriptions!B23),"{PRESTATION}",E29),"{DATE_LIMITE}",IF(Inscriptions!R23="","non définie",TEXT(Inscriptions!R23,"DD/MM/YYYY"))))))
A30: =IF(Inscriptions!B24="","",Inscriptions!A24) -> 22 | B30: =IF(Inscriptions!B24="","",Inscriptions!B24) -> KERKOUB | C30: =IF(Inscriptions!B24="","",Inscriptions!C24) -> Nenime | D30: =IF(Inscriptions!B24="","",Inscriptions!G24) -> +222 47 45 20 20 | E30: =IF(Inscriptions!B24="","",IF(AND(Inscriptions!I24="Oui",Inscriptions!J24="Oui"),"Football + Loisirs",IF(Inscriptions!I24="Oui","Football",IF(Inscriptions!J24="Oui","Centre Loisirs","")))) -> Football | F30: =IF(Inscriptions!B24="","",Inscriptions!N24) -> 2000 | G30: =IF(Inscriptions!B24="","",Inscriptions!O24) -> Payé | H30: =IF(Inscriptions!B24="","",IF(Inscriptions!S24="","—",Inscriptions!S24&" j")) -> — | I30: =IF(Inscriptions!B24="","",IF(Inscriptions!O24="Payé","✅ Confirmation",IF(AND(Inscriptions!S24<>"",Inscriptions!S24>0),"🔴 Retard","🟡 Rappel"))) -> ✅ Confirmation | J30: =IF(Inscriptions!B24="","",IF(Inscriptions!O24="Payé",SUBSTITUTE(SUBSTITUTE(SUBSTITUTE(SUBSTITUTE(C5,"{MONTANT}",TEXT(Inscriptions!N24,"#,##0")&" MRU"),"{PRENOM}",Inscriptions!C24),"{NOM}",Inscriptions!B24),"{PRESTATION}",E30),IF(AND(Inscriptions!S24<>"",Inscriptions!S24>0),SUBSTITUTE(SUBSTITUTE(SUBSTITUTE(SUBSTITUTE(C4,"{MONTANT}",TEXT(Inscriptions!N24,"#,##0")&" MRU"),"{PRENOM}",Inscriptions!C24),"{NOM}",Inscriptions!B24),"{RETARD}",TEXT(Inscriptions!S24,"0")),SUBSTITUTE(SUBSTITUTE(SUBSTITUTE(SUBSTITUTE(SUBSTITUTE(C3,"{MONTANT}",TEXT(Inscriptions!N24,"#,##0")&" MRU"),"{PRENOM}",Inscriptions!C24),"{NOM}",Inscriptions!B24),"{PRESTATION}",E30),"{DATE_LIMITE}",IF(Inscriptions!R24="","non définie",TEXT(Inscriptions!R24,"DD/MM/YYYY")))))) -> ✅ Bonjour, la Fiveur Academy confirme la réception du paiement de 2000,0 MRU pour Nenime KERKOUB. Inscription validée pour : Football. Merci de votre confiance ! ⚽ Fiveur Academy — Since 2023.
A31: =IF(Inscriptions!B25="","",Inscriptions!A25) -> 23 | B31: =IF(Inscriptions!B25="","",Inscriptions!B25) -> DIAGANA | C31: =IF(Inscriptions!B25="","",Inscriptions!C25) -> Bocar | D31: =IF(Inscriptions!B25="","",Inscriptions!G25) -> +222 47 47 77 77 | E31: =IF(Inscriptions!B25="","",IF(AND(Inscriptions!I25="Oui",Inscriptions!J25="Oui"),"Football + Loisirs",IF(Inscriptions!I25="Oui","Football",IF(Inscriptions!J25="Oui","Centre Loisirs","")))) -> Football | F31: =IF(Inscriptions!B25="","",Inscriptions!N25) -> 2000 | G31: =IF(Inscriptions!B25="","",Inscriptions!O25) -> Payé | H31: =IF(Inscriptions!B25="","",IF(Inscriptions!S25="","—",Inscriptions!S25&" j")) -> — | I31: =IF(Inscriptions!B25="","",IF(Inscriptions!O25="Payé","✅ Confirmation",IF(AND(Inscriptions!S25<>"",Inscriptions!S25>0),"🔴 Retard","🟡 Rappel"))) -> ✅ Confirmation | J31: =IF(Inscriptions!B25="","",IF(Inscriptions!O25="Payé",SUBSTITUTE(SUBSTITUTE(SUBSTITUTE(SUBSTITUTE(C5,"{MONTANT}",TEXT(Inscriptions!N25,"#,##0")&" MRU"),"{PRENOM}",Inscriptions!C25),"{NOM}",Inscriptions!B25),"{PRESTATION}",E31),IF(AND(Inscriptions!S25<>"",Inscriptions!S25>0),SUBSTITUTE(SUBSTITUTE(SUBSTITUTE(SUBSTITUTE(C4,"{MONTANT}",TEXT(Inscriptions!N25,"#,##0")&" MRU"),"{PRENOM}",Inscriptions!C25),"{NOM}",Inscriptions!B25),"{RETARD}",TEXT(Inscriptions!S25,"0")),SUBSTITUTE(SUBSTITUTE(SUBSTITUTE(SUBSTITUTE(SUBSTITUTE(C3,"{MONTANT}",TEXT(Inscriptions!N25,"#,##0")&" MRU"),"{PRENOM}",Inscriptions!C25),"{NOM}",Inscriptions!B25),"{PRESTATION}",E31),"{DATE_LIMITE}",IF(Inscriptions!R25="","non définie",TEXT(Inscriptions!R25,"DD/MM/YYYY")))))) -> ✅ Bonjour, la Fiveur Academy confirme la réception du paiement de 2000,0 MRU pour Bocar DIAGANA. Inscription validée pour : Football. Merci de votre confiance ! ⚽ Fiveur Academy — Since 2023.
A32: =IF(Inscriptions!B26="","",Inscriptions!A26) -> 24 | B32: =IF(Inscriptions!B26="","",Inscriptions!B26) -> BA | C32: =IF(Inscriptions!B26="","",Inscriptions!C26) -> Mohamed | D32: =IF(Inscriptions!B26="","",Inscriptions!G26) -> +222 47 75 77 22 | E32: =IF(Inscriptions!B26="","",IF(AND(Inscriptions!I26="Oui",Inscriptions!J26="Oui"),"Football + Loisirs",IF(Inscriptions!I26="Oui","Football",IF(Inscriptions!J26="Oui","Centre Loisirs","")))) -> Football | F32: =IF(Inscriptions!B26="","",Inscriptions!N26) -> 2000 | G32: =IF(Inscriptions!B26="","",Inscriptions!O26) -> Payé | H32: =IF(Inscriptions!B26="","",IF(Inscriptions!S26="","—",Inscriptions!S26&" j")) -> — | I32: =IF(Inscriptions!B26="","",IF(Inscriptions!O26="Payé","✅ Confirmation",IF(AND(Inscriptions!S26<>"",Inscriptions!S26>0),"🔴 Retard","🟡 Rappel"))) -> ✅ Confirmation | J32: =IF(Inscriptions!B26="","",IF(Inscriptions!O26="Payé",SUBSTITUTE(SUBSTITUTE(SUBSTITUTE(SUBSTITUTE(C5,"{MONTANT}",TEXT(Inscriptions!N26,"#,##0")&" MRU"),"{PRENOM}",Inscriptions!C26),"{NOM}",Inscriptions!B26),"{PRESTATION}",E32),IF(AND(Inscriptions!S26<>"",Inscriptions!S26>0),SUBSTITUTE(SUBSTITUTE(SUBSTITUTE(SUBSTITUTE(C4,"{MONTANT}",TEXT(Inscriptions!N26,"#,##0")&" MRU"),"{PRENOM}",Inscriptions!C26),"{NOM}",Inscriptions!B26),"{RETARD}",TEXT(Inscriptions!S26,"0")),SUBSTITUTE(SUBSTITUTE(SUBSTITUTE(SUBSTITUTE(SUBSTITUTE(C3,"{MONTANT}",TEXT(Inscriptions!N26,"#,##0")&" MRU"),"{PRENOM}",Inscriptions!C26),"{NOM}",Inscriptions!B26),"{PRESTATION}",E32),"{DATE_LIMITE}",IF(Inscriptions!R26="","non définie",TEXT(Inscriptions!R26,"DD/MM/YYYY")))))) -> ✅ Bonjour, la Fiveur Academy confirme la réception du paiement de 2000,0 MRU pour Mohamed BA . Inscription validée pour : Football. Merci de votre confiance ! ⚽ Fiveur Academy — Since 2023.
A33: =IF(Inscriptions!B27="","",Inscriptions!A27) -> 25 | B33: =IF(Inscriptions!B27="","",Inscriptions!B27) -> BA | C33: =IF(Inscriptions!B27="","",Inscriptions!C27) -> Amadou | D33: =IF(Inscriptions!B27="","",Inscriptions!G27) -> +222 47 75 77 22 | E33: =IF(Inscriptions!B27="","",IF(AND(Inscriptions!I27="Oui",Inscriptions!J27="Oui"),"Football + Loisirs",IF(Inscriptions!I27="Oui","Football",IF(Inscriptions!J27="Oui","Centre Loisirs","")))) -> Football | F33: =IF(Inscriptions!B27="","",Inscriptions!N27) -> 2000 | G33: =IF(Inscriptions!B27="","",Inscriptions!O27) -> Payé | H33: =IF(Inscriptions!B27="","",IF(Inscriptions!S27="","—",Inscriptions!S27&" j")) -> — | I33: =IF(Inscriptions!B27="","",IF(Inscriptions!O27="Payé","✅ Confirmation",IF(AND(Inscriptions!S27<>"",Inscriptions!S27>0),"🔴 Retard","🟡 Rappel"))) -> ✅ Confirmation | J33: =IF(Inscriptions!B27="","",IF(Inscriptions!O27="Payé",SUBSTITUTE(SUBSTITUTE(SUBSTITUTE(SUBSTITUTE(C5,"{MONTANT}",TEXT(Inscriptions!N27,"#,##0")&" MRU"),"{PRENOM}",Inscriptions!C27),"{NOM}",Inscriptions!B27),"{PRESTATION}",E33),IF(AND(Inscriptions!S27<>"",Inscriptions!S27>0),SUBSTITUTE(SUBSTITUTE(SUBSTITUTE(SUBSTITUTE(C4,"{MONTANT}",TEXT(Inscriptions!N27,"#,##0")&" MRU"),"{PRENOM}",Inscriptions!C27),"{NOM}",Inscriptions!B27),"{RETARD}",TEXT(Inscriptions!S27,"0")),SUBSTITUTE(SUBSTITUTE(SUBSTITUTE(SUBSTITUTE(SUBSTITUTE(C3,"{MONTANT}",TEXT(Inscriptions!N27,"#,##0")&" MRU"),"{PRENOM}",Inscriptions!C27),"{NOM}",Inscriptions!B27),"{PRESTATION}",E33),"{DATE_LIMITE}",IF(Inscriptions!R27="","non définie",TEXT(Inscriptions!R27,"DD/MM/YYYY")))))) -> ✅ Bonjour, la Fiveur Academy confirme la réception du paiement de 2000,0 MRU pour Amadou BA. Inscription validée pour : Football. Merci de votre confiance ! ⚽ Fiveur Academy — Since 2023.
A34: =IF(Inscriptions!B28="","",Inscriptions!A28) -> 26 | B34: =IF(Inscriptions!B28="","",Inscriptions!B28) -> SIDI MAOULOUD | C34: =IF(Inscriptions!B28="","",Inscriptions!C28) -> Abdallahi | D34: =IF(Inscriptions!B28="","",Inscriptions!G28) -> +222 36 29 01 29 | E34: =IF(Inscriptions!B28="","",IF(AND(Inscriptions!I28="Oui",Inscriptions!J28="Oui"),"Football + Loisirs",IF(Inscriptions!I28="Oui","Football",IF(Inscriptions!J28="Oui","Centre Loisirs","")))) -> Football | F34: =IF(Inscriptions!B28="","",Inscriptions!N28) -> 2000 | G34: =IF(Inscriptions!B28="","",Inscriptions!O28) -> Payé | H34: =IF(Inscriptions!B28="","",IF(Inscriptions!S28="","—",Inscriptions!S28&" j")) -> — | I34: =IF(Inscriptions!B28="","",IF(Inscriptions!O28="Payé","✅ Confirmation",IF(AND(Inscriptions!S28<>"",Inscriptions!S28>0),"🔴 Retard","🟡 Rappel"))) -> ✅ Confirmation | J34: =IF(Inscriptions!B28="","",IF(Inscriptions!O28="Payé",SUBSTITUTE(SUBSTITUTE(SUBSTITUTE(SUBSTITUTE(C5,"{MONTANT}",TEXT(Inscriptions!N28,"#,##0")&" MRU"),"{PRENOM}",Inscriptions!C28),"{NOM}",Inscriptions!B28),"{PRESTATION}",E34),IF(AND(Inscriptions!S28<>"",Inscriptions!S28>0),SUBSTITUTE(SUBSTITUTE(SUBSTITUTE(SUBSTITUTE(C4,"{MONTANT}",TEXT(Inscriptions!N28,"#,##0")&" MRU"),"{PRENOM}",Inscriptions!C28),"{NOM}",Inscriptions!B28),"{RETARD}",TEXT(Inscriptions!S28,"0")),SUBSTITUTE(SUBSTITUTE(SUBSTITUTE(SUBSTITUTE(SUBSTITUTE(C3,"{MONTANT}",TEXT(Inscriptions!N28,"#,##0")&" MRU"),"{PRENOM}",Inscriptions!C28),"{NOM}",Inscriptions!B28),"{PRESTATION}",E34),"{DATE_LIMITE}",IF(Inscriptions!R28="","non définie",TEXT(Inscriptions!R28,"DD/MM/YYYY")))))) -> ✅ Bonjour, la Fiveur Academy confirme la réception du paiement de 2000,0 MRU pour Abdallahi SIDI MAOULOUD. Inscription validée pour : Football. Merci de votre confiance ! ⚽ Fiveur Academy — Since 2023.
A35: =IF(Inscriptions!B29="","",Inscriptions!A29) -> 27 | B35: =IF(Inscriptions!B29="","",Inscriptions!B29) -> SY | C35: =IF(Inscriptions!B29="","",Inscriptions!C29) -> Boubacar | D35: =IF(Inscriptions!B29="","",Inscriptions!G29) -> +222 44 24 22 34 | E35: =IF(Inscriptions!B29="","",IF(AND(Inscriptions!I29="Oui",Inscriptions!J29="Oui"),"Football + Loisirs",IF(Inscriptions!I29="Oui","Football",IF(Inscriptions!J29="Oui","Centre Loisirs","")))) -> Football | F35: =IF(Inscriptions!B29="","",Inscriptions!N29) -> 1000 | G35: =IF(Inscriptions!B29="","",Inscriptions!O29) -> Partiel | H35: =IF(Inscriptions!B29="","",IF(Inscriptions!S29="","—",Inscriptions!S29&" j")) -> — | I35: =IF(Inscriptions!B29="","",IF(Inscriptions!O29="Payé","✅ Confirmation",IF(AND(Inscriptions!S29<>"",Inscriptions!S29>0),"🔴 Retard","🟡 Rappel"))) -> 🟡 Rappel | J35: =IF(Inscriptions!B29="","",IF(Inscriptions!O29="Payé",SUBSTITUTE(SUBSTITUTE(SUBSTITUTE(SUBSTITUTE(C5,"{MONTANT}",TEXT(Inscriptions!N29,"#,##0")&" MRU"),"{PRENOM}",Inscriptions!C29),"{NOM}",Inscriptions!B29),"{PRESTATION}",E35),IF(AND(Inscriptions!S29<>"",Inscriptions!S29>0),SUBSTITUTE(SUBSTITUTE(SUBSTITUTE(SUBSTITUTE(C4,"{MONTANT}",TEXT(Inscriptions!N29,"#,##0")&" MRU"),"{PRENOM}",Inscriptions!C29),"{NOM}",Inscriptions!B29),"{RETARD}",TEXT(Inscriptions!S29,"0")),SUBSTITUTE(SUBSTITUTE(SUBSTITUTE(SUBSTITUTE(SUBSTITUTE(C3,"{MONTANT}",TEXT(Inscriptions!N29,"#,##0")&" MRU"),"{PRENOM}",Inscriptions!C29),"{NOM}",Inscriptions!B29),"{PRESTATION}",E35),"{DATE_LIMITE}",IF(Inscriptions!R29="","non définie",TEXT(Inscriptions!R29,"DD/MM/YYYY")))))) -> Bonjour, ceci est un rappel de la Fiveur Academy. Le paiement de 1000,0 MRU pour l'inscription de Boubacar SY (Football) est en attente. Date limite : non définie. Merci de régulariser. Cordialement, Fiveur Academy.
A36: =IF(Inscriptions!B30="","",Inscriptions!A30) -> 28 | B36: =IF(Inscriptions!B30="","",Inscriptions!B30) -> KANOUTÉ | C36: =IF(Inscriptions!B30="","",Inscriptions!C30) -> Mohamed | D36: =IF(Inscriptions!B30="","",Inscriptions!G30) -> 212658200457 | E36: =IF(Inscriptions!B30="","",IF(AND(Inscriptions!I30="Oui",Inscriptions!J30="Oui"),"Football + Loisirs",IF(Inscriptions!I30="Oui","Football",IF(Inscriptions!J30="Oui","Centre Loisirs","")))) -> Football | F36: =IF(Inscriptions!B30="","",Inscriptions!N30) -> 1000 | G36: =IF(Inscriptions!B30="","",Inscriptions!O30) -> Payé | H36: =IF(Inscriptions!B30="","",IF(Inscriptions!S30="","—",Inscriptions!S30&" j")) -> — | I36: =IF(Inscriptions!B30="","",IF(Inscriptions!O30="Payé","✅ Confirmation",IF(AND(Inscriptions!S30<>"",Inscriptions!S30>0),"🔴 Retard","🟡 Rappel"))) -> ✅ Confirmation | J36: =IF(Inscriptions!B30="","",IF(Inscriptions!O30="Payé",SUBSTITUTE(SUBSTITUTE(SUBSTITUTE(SUBSTITUTE(C5,"{MONTANT}",TEXT(Inscriptions!N30,"#,##0")&" MRU"),"{PRENOM}",Inscriptions!C30),"{NOM}",Inscriptions!B30),"{PRESTATION}",E36),IF(AND(Inscriptions!S30<>"",Inscriptions!S30>0),SUBSTITUTE(SUBSTITUTE(SUBSTITUTE(SUBSTITUTE(C4,"{MONTANT}",TEXT(Inscriptions!N30,"#,##0")&" MRU"),"{PRENOM}",Inscriptions!C30),"{NOM}",Inscriptions!B30),"{RETARD}",TEXT(Inscriptions!S30,"0")),SUBSTITUTE(SUBSTITUTE(SUBSTITUTE(SUBSTITUTE(SUBSTITUTE(C3,"{MONTANT}",TEXT(Inscriptions!N30,"#,##0")&" MRU"),"{PRENOM}",Inscriptions!C30),"{NOM}",Inscriptions!B30),"{PRESTATION}",E36),"{DATE_LIMITE}",IF(Inscriptions!R30="","non définie",TEXT(Inscriptions!R30,"DD/MM/YYYY")))))) -> ✅ Bonjour, la Fiveur Academy confirme la réception du paiement de 1000,0 MRU pour Mohamed KANOUTÉ. Inscription validée pour : Football. Merci de votre confiance ! ⚽ Fiveur Academy — Since 2023.
A37: =IF(Inscriptions!B31="","",Inscriptions!A31) -> 29 | B37: =IF(Inscriptions!B31="","",Inscriptions!B31) -> GUEYE | C37: =IF(Inscriptions!B31="","",Inscriptions!C31) -> Moussa | D37: =IF(Inscriptions!B31="","",Inscriptions!G31) -> +222 47 32 19 97 | E37: =IF(Inscriptions!B31="","",IF(AND(Inscriptions!I31="Oui",Inscriptions!J31="Oui"),"Football + Loisirs",IF(Inscriptions!I31="Oui","Football",IF(Inscriptions!J31="Oui","Centre Loisirs","")))) -> Football | F37: =IF(Inscriptions!B31="","",Inscriptions!N31) -> 2000 | G37: =IF(Inscriptions!B31="","",Inscriptions!O31) -> Partiel | H37: =IF(Inscriptions!B31="","",IF(Inscriptions!S31="","—",Inscriptions!S31&" j")) -> — | I37: =IF(Inscriptions!B31="","",IF(Inscriptions!O31="Payé","✅ Confirmation",IF(AND(Inscriptions!S31<>"",Inscriptions!S31>0),"🔴 Retard","🟡 Rappel"))) -> 🟡 Rappel | J37: =IF(Inscriptions!B31="","",IF(Inscriptions!O31="Payé",SUBSTITUTE(SUBSTITUTE(SUBSTITUTE(SUBSTITUTE(C5,"{MONTANT}",TEXT(Inscriptions!N31,"#,##0")&" MRU"),"{PRENOM}",Inscriptions!C31),"{NOM}",Inscriptions!B31),"{PRESTATION}",E37),IF(AND(Inscriptions!S31<>"",Inscriptions!S31>0),SUBSTITUTE(SUBSTITUTE(SUBSTITUTE(SUBSTITUTE(C4,"{MONTANT}",TEXT(Inscriptions!N31,"#,##0")&" MRU"),"{PRENOM}",Inscriptions!C31),"{NOM}",Inscriptions!B31),"{RETARD}",TEXT(Inscriptions!S31,"0")),SUBSTITUTE(SUBSTITUTE(SUBSTITUTE(SUBSTITUTE(SUBSTITUTE(C3,"{MONTANT}",TEXT(Inscriptions!N31,"#,##0")&" MRU"),"{PRENOM}",Inscriptions!C31),"{NOM}",Inscriptions!B31),"{PRESTATION}",E37),"{DATE_LIMITE}",IF(Inscriptions!R31="","non définie",TEXT(Inscriptions!R31,"DD/MM/YYYY")))))) -> Bonjour, ceci est un rappel de la Fiveur Academy. Le paiement de 2000,0 MRU pour l'inscription de Moussa GUEYE (Football) est en attente. Date limite : non définie. Merci de régulariser. Cordialement, Fiveur Academy.
A38: =IF(Inscriptions!B32="","",Inscriptions!A32) -> 30 | B38: =IF(Inscriptions!B32="","",Inscriptions!B32) -> GUEYE | C38: =IF(Inscriptions!B32="","",Inscriptions!C32) -> Mademba | D38: =IF(Inscriptions!B32="","",Inscriptions!G32) -> +222 47 32 19 97 | E38: =IF(Inscriptions!B32="","",IF(AND(Inscriptions!I32="Oui",Inscriptions!J32="Oui"),"Football + Loisirs",IF(Inscriptions!I32="Oui","Football",IF(Inscriptions!J32="Oui","Centre Loisirs","")))) -> Football | F38: =IF(Inscriptions!B32="","",Inscriptions!N32) -> 1000 | G38: =IF(Inscriptions!B32="","",Inscriptions!O32) -> Partiel | H38: =IF(Inscriptions!B32="","",IF(Inscriptions!S32="","—",Inscriptions!S32&" j")) -> — | I38: =IF(Inscriptions!B32="","",IF(Inscriptions!O32="Payé","✅ Confirmation",IF(AND(Inscriptions!S32<>"",Inscriptions!S32>0),"🔴 Retard","🟡 Rappel"))) -> 🟡 Rappel | J38: =IF(Inscriptions!B32="","",IF(Inscriptions!O32="Payé",SUBSTITUTE(SUBSTITUTE(SUBSTITUTE(SUBSTITUTE(C5,"{MONTANT}",TEXT(Inscriptions!N32,"#,##0")&" MRU"),"{PRENOM}",Inscriptions!C32),"{NOM}",Inscriptions!B32),"{PRESTATION}",E38),IF(AND(Inscriptions!S32<>"",Inscriptions!S32>0),SUBSTITUTE(SUBSTITUTE(SUBSTITUTE(SUBSTITUTE(C4,"{MONTANT}",TEXT(Inscriptions!N32,"#,##0")&" MRU"),"{PRENOM}",Inscriptions!C32),"{NOM}",Inscriptions!B32),"{RETARD}",TEXT(Inscriptions!S32,"0")),SUBSTITUTE(SUBSTITUTE(SUBSTITUTE(SUBSTITUTE(SUBSTITUTE(C3,"{MONTANT}",TEXT(Inscriptions!N32,"#,##0")&" MRU"),"{PRENOM}",Inscriptions!C32),"{NOM}",Inscriptions!B32),"{PRESTATION}",E38),"{DATE_LIMITE}",IF(Inscriptions!R32="","non définie",TEXT(Inscriptions!R32,"DD/MM/YYYY")))))) -> Bonjour, ceci est un rappel de la Fiveur Academy. Le paiement de 1000,0 MRU pour l'inscription de Mademba GUEYE (Football) est en attente. Date limite : non définie. Merci de régulariser. Cordialement, Fiveur Academy.
A39: =IF(Inscriptions!B33="","",Inscriptions!A33) -> 31 | B39: =IF(Inscriptions!B33="","",Inscriptions!B33) -> THIAM | C39: =IF(Inscriptions!B33="","",Inscriptions!C33) -> Adama | D39: =IF(Inscriptions!B33="","",Inscriptions!G33) -> +222 44 89 92 74 | E39: =IF(Inscriptions!B33="","",IF(AND(Inscriptions!I33="Oui",Inscriptions!J33="Oui"),"Football + Loisirs",IF(Inscriptions!I33="Oui","Football",IF(Inscriptions!J33="Oui","Centre Loisirs","")))) -> Football | F39: =IF(Inscriptions!B33="","",Inscriptions!N33) -> 2000 | G39: =IF(Inscriptions!B33="","",Inscriptions!O33) -> Payé | H39: =IF(Inscriptions!B33="","",IF(Inscriptions!S33="","—",Inscriptions!S33&" j")) -> — | I39: =IF(Inscriptions!B33="","",IF(Inscriptions!O33="Payé","✅ Confirmation",IF(AND(Inscriptions!S33<>"",Inscriptions!S33>0),"🔴 Retard","🟡 Rappel"))) -> ✅ Confirmation | J39: =IF(Inscriptions!B33="","",IF(Inscriptions!O33="Payé",SUBSTITUTE(SUBSTITUTE(SUBSTITUTE(SUBSTITUTE(C5,"{MONTANT}",TEXT(Inscriptions!N33,"#,##0")&" MRU"),"{PRENOM}",Inscriptions!C33),"{NOM}",Inscriptions!B33),"{PRESTATION}",E39),IF(AND(Inscriptions!S33<>"",Inscriptions!S33>0),SUBSTITUTE(SUBSTITUTE(SUBSTITUTE(SUBSTITUTE(C4,"{MONTANT}",TEXT(Inscriptions!N33,"#,##0")&" MRU"),"{PRENOM}",Inscriptions!C33),"{NOM}",Inscriptions!B33),"{RETARD}",TEXT(Inscriptions!S33,"0")),SUBSTITUTE(SUBSTITUTE(SUBSTITUTE(SUBSTITUTE(SUBSTITUTE(C3,"{MONTANT}",TEXT(Inscriptions!N33,"#,##0")&" MRU"),"{PRENOM}",Inscriptions!C33),"{NOM}",Inscriptions!B33),"{PRESTATION}",E39),"{DATE_LIMITE}",IF(Inscriptions!R33="","non définie",TEXT(Inscriptions!R33,"DD/MM/YYYY")))))) -> ✅ Bonjour, la Fiveur Academy confirme la réception du paiement de 2000,0 MRU pour Adama THIAM. Inscription validée pour : Football. Merci de votre confiance ! ⚽ Fiveur Academy — Since 2023.
A40: =IF(Inscriptions!B34="","",Inscriptions!A34) -> 32 | B40: =IF(Inscriptions!B34="","",Inscriptions!B34) -> TOURÉ | C40: =IF(Inscriptions!B34="","",Inscriptions!C34) -> Mohamed | D40: =IF(Inscriptions!B34="","",Inscriptions!G34) -> +222 46 85 01 86 | E40: =IF(Inscriptions!B34="","",IF(AND(Inscriptions!I34="Oui",Inscriptions!J34="Oui"),"Football + Loisirs",IF(Inscriptions!I34="Oui","Football",IF(Inscriptions!J34="Oui","Centre Loisirs","")))) -> Football | F40: =IF(Inscriptions!B34="","",Inscriptions!N34) -> 1000 | G40: =IF(Inscriptions!B34="","",Inscriptions!O34) -> Partiel | H40: =IF(Inscriptions!B34="","",IF(Inscriptions!S34="","—",Inscriptions!S34&" j")) -> — | I40: =IF(Inscriptions!B34="","",IF(Inscriptions!O34="Payé","✅ Confirmation",IF(AND(Inscriptions!S34<>"",Inscriptions!S34>0),"🔴 Retard","🟡 Rappel"))) -> 🟡 Rappel | J40: =IF(Inscriptions!B34="","",IF(Inscriptions!O34="Payé",SUBSTITUTE(SUBSTITUTE(SUBSTITUTE(SUBSTITUTE(C5,"{MONTANT}",TEXT(Inscriptions!N34,"#,##0")&" MRU"),"{PRENOM}",Inscriptions!C34),"{NOM}",Inscriptions!B34),"{PRESTATION}",E40),IF(AND(Inscriptions!S34<>"",Inscriptions!S34>0),SUBSTITUTE(SUBSTITUTE(SUBSTITUTE(SUBSTITUTE(C4,"{MONTANT}",TEXT(Inscriptions!N34,"#,##0")&" MRU"),"{PRENOM}",Inscriptions!C34),"{NOM}",Inscriptions!B34),"{RETARD}",TEXT(Inscriptions!S34,"0")),SUBSTITUTE(SUBSTITUTE(SUBSTITUTE(SUBSTITUTE(SUBSTITUTE(C3,"{MONTANT}",TEXT(Inscriptions!N34,"#,##0")&" MRU"),"{PRENOM}",Inscriptions!C34),"{NOM}",Inscriptions!B34),"{PRESTATION}",E40),"{DATE_LIMITE}",IF(Inscriptions!R34="","non définie",TEXT(Inscriptions!R34,"DD/MM/YYYY")))))) -> Bonjour, ceci est un rappel de la Fiveur Academy. Le paiement de 1000,0 MRU pour l'inscription de Mohamed TOURÉ (Football) est en attente. Date limite : non définie. Merci de régulariser. Cordialement, Fiveur Academy.
A41: =IF(Inscriptions!B35="","",Inscriptions!A35) -> 33 | B41: =IF(Inscriptions!B35="","",Inscriptions!B35) -> TOURÉ | C41: =IF(Inscriptions!B35="","",Inscriptions!C35) -> Ciré | D41: =IF(Inscriptions!B35="","",Inscriptions!G35) -> +222 46 85 01 86 | E41: =IF(Inscriptions!B35="","",IF(AND(Inscriptions!I35="Oui",Inscriptions!J35="Oui"),"Football + Loisirs",IF(Inscriptions!I35="Oui","Football",IF(Inscriptions!J35="Oui","Centre Loisirs","")))) -> Football | F41: =IF(Inscriptions!B35="","",Inscriptions!N35) -> 1000 | G41: =IF(Inscriptions!B35="","",Inscriptions!O35) -> Partiel | H41: =IF(Inscriptions!B35="","",IF(Inscriptions!S35="","—",Inscriptions!S35&" j")) -> — | I41: =IF(Inscriptions!B35="","",IF(Inscriptions!O35="Payé","✅ Confirmation",IF(AND(Inscriptions!S35<>"",Inscriptions!S35>0),"🔴 Retard","🟡 Rappel"))) -> 🟡 Rappel | J41: =IF(Inscriptions!B35="","",IF(Inscriptions!O35="Payé",SUBSTITUTE(SUBSTITUTE(SUBSTITUTE(SUBSTITUTE(C5,"{MONTANT}",TEXT(Inscriptions!N35,"#,##0")&" MRU"),"{PRENOM}",Inscriptions!C35),"{NOM}",Inscriptions!B35),"{PRESTATION}",E41),IF(AND(Inscriptions!S35<>"",Inscriptions!S35>0),SUBSTITUTE(SUBSTITUTE(SUBSTITUTE(SUBSTITUTE(C4,"{MONTANT}",TEXT(Inscriptions!N35,"#,##0")&" MRU"),"{PRENOM}",Inscriptions!C35),"{NOM}",Inscriptions!B35),"{RETARD}",TEXT(Inscriptions!S35,"0")),SUBSTITUTE(SUBSTITUTE(SUBSTITUTE(SUBSTITUTE(SUBSTITUTE(C3,"{MONTANT}",TEXT(Inscriptions!N35,"#,##0")&" MRU"),"{PRENOM}",Inscriptions!C35),"{NOM}",Inscriptions!B35),"{PRESTATION}",E41),"{DATE_LIMITE}",IF(Inscriptions!R35="","non définie",TEXT(Inscriptions!R35,"DD/MM/YYYY")))))) -> Bonjour, ceci est un rappel de la Fiveur Academy. Le paiement de 1000,0 MRU pour l'inscription de Ciré TOURÉ (Football) est en attente. Date limite : non définie. Merci de régulariser. Cordialement, Fiveur Academy.
A42: =IF(Inscriptions!B36="","",Inscriptions!A36) -> 34 | B42: =IF(Inscriptions!B36="","",Inscriptions!B36) -> SIDIBÉ | C42: =IF(Inscriptions!B36="","",Inscriptions!C36) -> Amatullah | D42: =IF(Inscriptions!B36="","",Inscriptions!G36) -> ‪+33 6 58 40 25 02‬ | E42: =IF(Inscriptions!B36="","",IF(AND(Inscriptions!I36="Oui",Inscriptions!J36="Oui"),"Football + Loisirs",IF(Inscriptions!I36="Oui","Football",IF(Inscriptions!J36="Oui","Centre Loisirs","")))) -> Football | F42: =IF(Inscriptions!B36="","",Inscriptions!N36) -> 1750 | G42: =IF(Inscriptions!B36="","",Inscriptions!O36) -> Payé | H42: =IF(Inscriptions!B36="","",IF(Inscriptions!S36="","—",Inscriptions!S36&" j")) -> — | I42: =IF(Inscriptions!B36="","",IF(Inscriptions!O36="Payé","✅ Confirmation",IF(AND(Inscriptions!S36<>"",Inscriptions!S36>0),"🔴 Retard","🟡 Rappel"))) -> ✅ Confirmation | J42: =IF(Inscriptions!B36="","",IF(Inscriptions!O36="Payé",SUBSTITUTE(SUBSTITUTE(SUBSTITUTE(SUBSTITUTE(C5,"{MONTANT}",TEXT(Inscriptions!N36,"#,##0")&" MRU"),"{PRENOM}",Inscriptions!C36),"{NOM}",Inscriptions!B36),"{PRESTATION}",E42),IF(AND(Inscriptions!S36<>"",Inscriptions!S36>0),SUBSTITUTE(SUBSTITUTE(SUBSTITUTE(SUBSTITUTE(C4,"{MONTANT}",TEXT(Inscriptions!N36,"#,##0")&" MRU"),"{PRENOM}",Inscriptions!C36),"{NOM}",Inscriptions!B36),"{RETARD}",TEXT(Inscriptions!S36,"0")),SUBSTITUTE(SUBSTITUTE(SUBSTITUTE(SUBSTITUTE(SUBSTITUTE(C3,"{MONTANT}",TEXT(Inscriptions!N36,"#,##0")&" MRU"),"{PRENOM}",Inscriptions!C36),"{NOM}",Inscriptions!B36),"{PRESTATION}",E42),"{DATE_LIMITE}",IF(Inscriptions!R36="","non définie",TEXT(Inscriptions!R36,"DD/MM/YYYY")))))) -> ✅ Bonjour, la Fiveur Academy confirme la réception du paiement de 1750,0 MRU pour Amatullah SIDIBÉ. Inscription validée pour : Football. Merci de votre confiance ! ⚽ Fiveur Academy — Since 2023.
A43: =IF(Inscriptions!B37="","",Inscriptions!A37) -> 35 | B43: =IF(Inscriptions!B37="","",Inscriptions!B37) -> SIDIBÉ | C43: =IF(Inscriptions!B37="","",Inscriptions!C37) -> Soukaïna | D43: =IF(Inscriptions!B37="","",Inscriptions!G37) -> ‪+33 6 58 40 25 02‬ | E43: =IF(Inscriptions!B37="","",IF(AND(Inscriptions!I37="Oui",Inscriptions!J37="Oui"),"Football + Loisirs",IF(Inscriptions!I37="Oui","Football",IF(Inscriptions!J37="Oui","Centre Loisirs","")))) -> Football | F43: =IF(Inscriptions!B37="","",Inscriptions!N37) -> 500 | G43: =IF(Inscriptions!B37="","",Inscriptions!O37) -> Payé | H43: =IF(Inscriptions!B37="","",IF(Inscriptions!S37="","—",Inscriptions!S37&" j")) -> — | I43: =IF(Inscriptions!B37="","",IF(Inscriptions!O37="Payé","✅ Confirmation",IF(AND(Inscriptions!S37<>"",Inscriptions!S37>0),"🔴 Retard","🟡 Rappel"))) -> ✅ Confirmation | J43: =IF(Inscriptions!B37="","",IF(Inscriptions!O37="Payé",SUBSTITUTE(SUBSTITUTE(SUBSTITUTE(SUBSTITUTE(C5,"{MONTANT}",TEXT(Inscriptions!N37,"#,##0")&" MRU"),"{PRENOM}",Inscriptions!C37),"{NOM}",Inscriptions!B37),"{PRESTATION}",E43),IF(AND(Inscriptions!S37<>"",Inscriptions!S37>0),SUBSTITUTE(SUBSTITUTE(SUBSTITUTE(SUBSTITUTE(C4,"{MONTANT}",TEXT(Inscriptions!N37,"#,##0")&" MRU"),"{PRENOM}",Inscriptions!C37),"{NOM}",Inscriptions!B37),"{RETARD}",TEXT(Inscriptions!S37,"0")),SUBSTITUTE(SUBSTITUTE(SUBSTITUTE(SUBSTITUTE(SUBSTITUTE(C3,"{MONTANT}",TEXT(Inscriptions!N37,"#,##0")&" MRU"),"{PRENOM}",Inscriptions!C37),"{NOM}",Inscriptions!B37),"{PRESTATION}",E43),"{DATE_LIMITE}",IF(Inscriptions!R37="","non définie",TEXT(Inscriptions!R37,"DD/MM/YYYY")))))) -> ✅ Bonjour, la Fiveur Academy confirme la réception du paiement de 500,0 MRU pour Soukaïna SIDIBÉ. Inscription validée pour : Football. Merci de votre confiance ! ⚽ Fiveur Academy — Since 2023.
A44: =IF(Inscriptions!B38="","",Inscriptions!A38) -> 36 | B44: =IF(Inscriptions!B38="","",Inscriptions!B38) -> BA | C44: =IF(Inscriptions!B38="","",Inscriptions!C38) -> Mouhamed | D44: =IF(Inscriptions!B38="","",Inscriptions!G38) -> +222 42 02 35 84 | E44: =IF(Inscriptions!B38="","",IF(AND(Inscriptions!I38="Oui",Inscriptions!J38="Oui"),"Football + Loisirs",IF(Inscriptions!I38="Oui","Football",IF(Inscriptions!J38="Oui","Centre Loisirs","")))) -> Football | F44: =IF(Inscriptions!B38="","",Inscriptions!N38) -> 2000 | G44: =IF(Inscriptions!B38="","",Inscriptions!O38) -> Payé | H44: =IF(Inscriptions!B38="","",IF(Inscriptions!S38="","—",Inscriptions!S38&" j")) -> — | I44: =IF(Inscriptions!B38="","",IF(Inscriptions!O38="Payé","✅ Confirmation",IF(AND(Inscriptions!S38<>"",Inscriptions!S38>0),"🔴 Retard","🟡 Rappel"))) -> ✅ Confirmation | J44: =IF(Inscriptions!B38="","",IF(Inscriptions!O38="Payé",SUBSTITUTE(SUBSTITUTE(SUBSTITUTE(SUBSTITUTE(C5,"{MONTANT}",TEXT(Inscriptions!N38,"#,##0")&" MRU"),"{PRENOM}",Inscriptions!C38),"{NOM}",Inscriptions!B38),"{PRESTATION}",E44),IF(AND(Inscriptions!S38<>"",Inscriptions!S38>0),SUBSTITUTE(SUBSTITUTE(SUBSTITUTE(SUBSTITUTE(C4,"{MONTANT}",TEXT(Inscriptions!N38,"#,##0")&" MRU"),"{PRENOM}",Inscriptions!C38),"{NOM}",Inscriptions!B38),"{RETARD}",TEXT(Inscriptions!S38,"0")),SUBSTITUTE(SUBSTITUTE(SUBSTITUTE(SUBSTITUTE(SUBSTITUTE(C3,"{MONTANT}",TEXT(Inscriptions!N38,"#,##0")&" MRU"),"{PRENOM}",Inscriptions!C38),"{NOM}",Inscriptions!B38),"{PRESTATION}",E44),"{DATE_LIMITE}",IF(Inscriptions!R38="","non définie",TEXT(Inscriptions!R38,"DD/MM/YYYY")))))) -> ✅ Bonjour, la Fiveur Academy confirme la réception du paiement de 2000,0 MRU pour Mouhamed BA. Inscription validée pour : Football. Merci de votre confiance ! ⚽ Fiveur Academy — Since 2023.
A45: =IF(Inscriptions!B39="","",Inscriptions!A39) -> 37 | B45: =IF(Inscriptions!B39="","",Inscriptions!B39) -> BA | C45: =IF(Inscriptions!B39="","",Inscriptions!C39) -> Mamadou | D45: =IF(Inscriptions!B39="","",Inscriptions!G39) -> +222 42 02 35 84 | E45: =IF(Inscriptions!B39="","",IF(AND(Inscriptions!I39="Oui",Inscriptions!J39="Oui"),"Football + Loisirs",IF(Inscriptions!I39="Oui","Football",IF(Inscriptions!J39="Oui","Centre Loisirs","")))) -> Football | F45: =IF(Inscriptions!B39="","",Inscriptions!N39) -> 2000 | G45: =IF(Inscriptions!B39="","",Inscriptions!O39) -> Payé | H45: =IF(Inscriptions!B39="","",IF(Inscriptions!S39="","—",Inscriptions!S39&" j")) -> — | I45: =IF(Inscriptions!B39="","",IF(Inscriptions!O39="Payé","✅ Confirmation",IF(AND(Inscriptions!S39<>"",Inscriptions!S39>0),"🔴 Retard","🟡 Rappel"))) -> ✅ Confirmation | J45: =IF(Inscriptions!B39="","",IF(Inscriptions!O39="Payé",SUBSTITUTE(SUBSTITUTE(SUBSTITUTE(SUBSTITUTE(C5,"{MONTANT}",TEXT(Inscriptions!N39,"#,##0")&" MRU"),"{PRENOM}",Inscriptions!C39),"{NOM}",Inscriptions!B39),"{PRESTATION}",E45),IF(AND(Inscriptions!S39<>"",Inscriptions!S39>0),SUBSTITUTE(SUBSTITUTE(SUBSTITUTE(SUBSTITUTE(C4,"{MONTANT}",TEXT(Inscriptions!N39,"#,##0")&" MRU"),"{PRENOM}",Inscriptions!C39),"{NOM}",Inscriptions!B39),"{RETARD}",TEXT(Inscriptions!S39,"0")),SUBSTITUTE(SUBSTITUTE(SUBSTITUTE(SUBSTITUTE(SUBSTITUTE(C3,"{MONTANT}",TEXT(Inscriptions!N39,"#,##0")&" MRU"),"{PRENOM}",Inscriptions!C39),"{NOM}",Inscriptions!B39),"{PRESTATION}",E45),"{DATE_LIMITE}",IF(Inscriptions!R39="","non définie",TEXT(Inscriptions!R39,"DD/MM/YYYY")))))) -> ✅ Bonjour, la Fiveur Academy confirme la réception du paiement de 2000,0 MRU pour Mamadou BA. Inscription validée pour : Football. Merci de votre confiance ! ⚽ Fiveur Academy — Since 2023.
A46: =IF(Inscriptions!B40="","",Inscriptions!A40) -> 38 | B46: =IF(Inscriptions!B40="","",Inscriptions!B40) -> SAMASSA | C46: =IF(Inscriptions!B40="","",Inscriptions!C40) -> Abdrahmane | D46: =IF(Inscriptions!B40="","",Inscriptions!G40) -> +222 26 31 86 93 | E46: =IF(Inscriptions!B40="","",IF(AND(Inscriptions!I40="Oui",Inscriptions!J40="Oui"),"Football + Loisirs",IF(Inscriptions!I40="Oui","Football",IF(Inscriptions!J40="Oui","Centre Loisirs","")))) -> Football | F46: =IF(Inscriptions!B40="","",Inscriptions!N40) -> 2000 | G46: =IF(Inscriptions!B40="","",Inscriptions!O40) -> Payé | H46: =IF(Inscriptions!B40="","",IF(Inscriptions!S40="","—",Inscriptions!S40&" j")) -> — | I46: =IF(Inscriptions!B40="","",IF(Inscriptions!O40="Payé","✅ Confirmation",IF(AND(Inscriptions!S40<>"",Inscriptions!S40>0),"🔴 Retard","🟡 Rappel"))) -> ✅ Confirmation | J46: =IF(Inscriptions!B40="","",IF(Inscriptions!O40="Payé",SUBSTITUTE(SUBSTITUTE(SUBSTITUTE(SUBSTITUTE(C5,"{MONTANT}",TEXT(Inscriptions!N40,"#,##0")&" MRU"),"{PRENOM}",Inscriptions!C40),"{NOM}",Inscriptions!B40),"{PRESTATION}",E46),IF(AND(Inscriptions!S40<>"",Inscriptions!S40>0),SUBSTITUTE(SUBSTITUTE(SUBSTITUTE(SUBSTITUTE(C4,"{MONTANT}",TEXT(Inscriptions!N40,"#,##0")&" MRU"),"{PRENOM}",Inscriptions!C40),"{NOM}",Inscriptions!B40),"{RETARD}",TEXT(Inscriptions!S40,"0")),SUBSTITUTE(SUBSTITUTE(SUBSTITUTE(SUBSTITUTE(SUBSTITUTE(C3,"{MONTANT}",TEXT(Inscriptions!N40,"#,##0")&" MRU"),"{PRENOM}",Inscriptions!C40),"{NOM}",Inscriptions!B40),"{PRESTATION}",E46),"{DATE_LIMITE}",IF(Inscriptions!R40="","non définie",TEXT(Inscriptions!R40,"DD/MM/YYYY")))))) -> ✅ Bonjour, la Fiveur Academy confirme la réception du paiement de 2000,0 MRU pour Abdrahmane SAMASSA. Inscription validée pour : Football. Merci de votre confiance ! ⚽ Fiveur Academy — Since 2023.
A47: =IF(Inscriptions!B41="","",Inscriptions!A41) -> 39 | B47: =IF(Inscriptions!B41="","",Inscriptions!B41) -> SAMASSA | C47: =IF(Inscriptions!B41="","",Inscriptions!C41) -> Mohamed | D47: =IF(Inscriptions!B41="","",Inscriptions!G41) -> +222 26 31 86 93 | E47: =IF(Inscriptions!B41="","",IF(AND(Inscriptions!I41="Oui",Inscriptions!J41="Oui"),"Football + Loisirs",IF(Inscriptions!I41="Oui","Football",IF(Inscriptions!J41="Oui","Centre Loisirs","")))) -> Football | F47: =IF(Inscriptions!B41="","",Inscriptions!N41) -> 2000 | G47: =IF(Inscriptions!B41="","",Inscriptions!O41) -> Payé | H47: =IF(Inscriptions!B41="","",IF(Inscriptions!S41="","—",Inscriptions!S41&" j")) -> — | I47: =IF(Inscriptions!B41="","",IF(Inscriptions!O41="Payé","✅ Confirmation",IF(AND(Inscriptions!S41<>"",Inscriptions!S41>0),"🔴 Retard","🟡 Rappel"))) -> ✅ Confirmation | J47: =IF(Inscriptions!B41="","",IF(Inscriptions!O41="Payé",SUBSTITUTE(SUBSTITUTE(SUBSTITUTE(SUBSTITUTE(C5,"{MONTANT}",TEXT(Inscriptions!N41,"#,##0")&" MRU"),"{PRENOM}",Inscriptions!C41),"{NOM}",Inscriptions!B41),"{PRESTATION}",E47),IF(AND(Inscriptions!S41<>"",Inscriptions!S41>0),SUBSTITUTE(SUBSTITUTE(SUBSTITUTE(SUBSTITUTE(C4,"{MONTANT}",TEXT(Inscriptions!N41,"#,##0")&" MRU"),"{PRENOM}",Inscriptions!C41),"{NOM}",Inscriptions!B41),"{RETARD}",TEXT(Inscriptions!S41,"0")),SUBSTITUTE(SUBSTITUTE(SUBSTITUTE(SUBSTITUTE(SUBSTITUTE(C3,"{MONTANT}",TEXT(Inscriptions!N41,"#,##0")&" MRU"),"{PRENOM}",Inscriptions!C41),"{NOM}",Inscriptions!B41),"{PRESTATION}",E47),"{DATE_LIMITE}",IF(Inscriptions!R41="","non définie",TEXT(Inscriptions!R41,"DD/MM/YYYY")))))) -> ✅ Bonjour, la Fiveur Academy confirme la réception du paiement de 2000,0 MRU pour Mohamed SAMASSA. Inscription validée pour : Football. Merci de votre confiance ! ⚽ Fiveur Academy — Since 2023.
A48: =IF(Inscriptions!B42="","",Inscriptions!A42) -> 40 | B48: =IF(Inscriptions!B42="","",Inscriptions!B42) -> HAMOUNY | C48: =IF(Inscriptions!B42="","",Inscriptions!C42) -> Didi | D48: =IF(Inscriptions!B42="","",Inscriptions!G42) -> +222 36 34 50 58 | E48: =IF(Inscriptions!B42="","",IF(AND(Inscriptions!I42="Oui",Inscriptions!J42="Oui"),"Football + Loisirs",IF(Inscriptions!I42="Oui","Football",IF(Inscriptions!J42="Oui","Centre Loisirs","")))) -> Football | F48: =IF(Inscriptions!B42="","",Inscriptions!N42) -> 2000 | G48: =IF(Inscriptions!B42="","",Inscriptions!O42) -> Payé | H48: =IF(Inscriptions!B42="","",IF(Inscriptions!S42="","—",Inscriptions!S42&" j")) -> — | I48: =IF(Inscriptions!B42="","",IF(Inscriptions!O42="Payé","✅ Confirmation",IF(AND(Inscriptions!S42<>"",Inscriptions!S42>0),"🔴 Retard","🟡 Rappel"))) -> ✅ Confirmation | J48: =IF(Inscriptions!B42="","",IF(Inscriptions!O42="Payé",SUBSTITUTE(SUBSTITUTE(SUBSTITUTE(SUBSTITUTE(C5,"{MONTANT}",TEXT(Inscriptions!N42,"#,##0")&" MRU"),"{PRENOM}",Inscriptions!C42),"{NOM}",Inscriptions!B42),"{PRESTATION}",E48),IF(AND(Inscriptions!S42<>"",Inscriptions!S42>0),SUBSTITUTE(SUBSTITUTE(SUBSTITUTE(SUBSTITUTE(C4,"{MONTANT}",TEXT(Inscriptions!N42,"#,##0")&" MRU"),"{PRENOM}",Inscriptions!C42),"{NOM}",Inscriptions!B42),"{RETARD}",TEXT(Inscriptions!S42,"0")),SUBSTITUTE(SUBSTITUTE(SUBSTITUTE(SUBSTITUTE(SUBSTITUTE(C3,"{MONTANT}",TEXT(Inscriptions!N42,"#,##0")&" MRU"),"{PRENOM}",Inscriptions!C42),"{NOM}",Inscriptions!B42),"{PRESTATION}",E48),"{DATE_LIMITE}",IF(Inscriptions!R42="","non définie",TEXT(Inscriptions!R42,"DD/MM/YYYY")))))) -> ✅ Bonjour, la Fiveur Academy confirme la réception du paiement de 2000,0 MRU pour Didi HAMOUNY. Inscription validée pour : Football. Merci de votre confiance ! ⚽ Fiveur Academy — Since 2023.
A49: =IF(Inscriptions!B43="","",Inscriptions!A43) -> 41 | B49: =IF(Inscriptions!B43="","",Inscriptions!B43) -> N'DIAYE | C49: =IF(Inscriptions!B43="","",Inscriptions!C43) -> Hassan | D49: =IF(Inscriptions!B43="","",Inscriptions!G43) -> +222 42 22 21 01 | E49: =IF(Inscriptions!B43="","",IF(AND(Inscriptions!I43="Oui",Inscriptions!J43="Oui"),"Football + Loisirs",IF(Inscriptions!I43="Oui","Football",IF(Inscriptions!J43="Oui","Centre Loisirs","")))) -> Football | F49: =IF(Inscriptions!B43="","",Inscriptions!N43) -> 1000 | G49: =IF(Inscriptions!B43="","",Inscriptions!O43) -> Partiel | H49: =IF(Inscriptions!B43="","",IF(Inscriptions!S43="","—",Inscriptions!S43&" j")) -> — | I49: =IF(Inscriptions!B43="","",IF(Inscriptions!O43="Payé","✅ Confirmation",IF(AND(Inscriptions!S43<>"",Inscriptions!S43>0),"🔴 Retard","🟡 Rappel"))) -> 🟡 Rappel | J49: =IF(Inscriptions!B43="","",IF(Inscriptions!O43="Payé",SUBSTITUTE(SUBSTITUTE(SUBSTITUTE(SUBSTITUTE(C5,"{MONTANT}",TEXT(Inscriptions!N43,"#,##0")&" MRU"),"{PRENOM}",Inscriptions!C43),"{NOM}",Inscriptions!B43),"{PRESTATION}",E49),IF(AND(Inscriptions!S43<>"",Inscriptions!S43>0),SUBSTITUTE(SUBSTITUTE(SUBSTITUTE(SUBSTITUTE(C4,"{MONTANT}",TEXT(Inscriptions!N43,"#,##0")&" MRU"),"{PRENOM}",Inscriptions!C43),"{NOM}",Inscriptions!B43),"{RETARD}",TEXT(Inscriptions!S43,"0")),SUBSTITUTE(SUBSTITUTE(SUBSTITUTE(SUBSTITUTE(SUBSTITUTE(C3,"{MONTANT}",TEXT(Inscriptions!N43,"#,##0")&" MRU"),"{PRENOM}",Inscriptions!C43),"{NOM}",Inscriptions!B43),"{PRESTATION}",E49),"{DATE_LIMITE}",IF(Inscriptions!R43="","non définie",TEXT(Inscriptions!R43,"DD/MM/YYYY")))))) -> Bonjour, ceci est un rappel de la Fiveur Academy. Le paiement de 1000,0 MRU pour l'inscription de Hassan N'DIAYE (Football) est en attente. Date limite : non définie. Merci de régulariser. Cordialement, Fiveur Academy.
A50: =IF(Inscriptions!B44="","",Inscriptions!A44) -> 42 | B50: =IF(Inscriptions!B44="","",Inscriptions!B44) -> N'DIAYE | C50: =IF(Inscriptions!B44="","",Inscriptions!C44) -> Houssein | D50: =IF(Inscriptions!B44="","",Inscriptions!G44) -> +222 42 22 21 01 | E50: =IF(Inscriptions!B44="","",IF(AND(Inscriptions!I44="Oui",Inscriptions!J44="Oui"),"Football + Loisirs",IF(Inscriptions!I44="Oui","Football",IF(Inscriptions!J44="Oui","Centre Loisirs","")))) -> Football | F50: =IF(Inscriptions!B44="","",Inscriptions!N44) -> 1000 | G50: =IF(Inscriptions!B44="","",Inscriptions!O44) -> Partiel | H50: =IF(Inscriptions!B44="","",IF(Inscriptions!S44="","—",Inscriptions!S44&" j")) -> — | I50: =IF(Inscriptions!B44="","",IF(Inscriptions!O44="Payé","✅ Confirmation",IF(AND(Inscriptions!S44<>"",Inscriptions!S44>0),"🔴 Retard","🟡 Rappel"))) -> 🟡 Rappel | J50: =IF(Inscriptions!B44="","",IF(Inscriptions!O44="Payé",SUBSTITUTE(SUBSTITUTE(SUBSTITUTE(SUBSTITUTE(C5,"{MONTANT}",TEXT(Inscriptions!N44,"#,##0")&" MRU"),"{PRENOM}",Inscriptions!C44),"{NOM}",Inscriptions!B44),"{PRESTATION}",E50),IF(AND(Inscriptions!S44<>"",Inscriptions!S44>0),SUBSTITUTE(SUBSTITUTE(SUBSTITUTE(SUBSTITUTE(C4,"{MONTANT}",TEXT(Inscriptions!N44,"#,##0")&" MRU"),"{PRENOM}",Inscriptions!C44),"{NOM}",Inscriptions!B44),"{RETARD}",TEXT(Inscriptions!S44,"0")),SUBSTITUTE(SUBSTITUTE(SUBSTITUTE(SUBSTITUTE(SUBSTITUTE(C3,"{MONTANT}",TEXT(Inscriptions!N44,"#,##0")&" MRU"),"{PRENOM}",Inscriptions!C44),"{NOM}",Inscriptions!B44),"{PRESTATION}",E50),"{DATE_LIMITE}",IF(Inscriptions!R44="","non définie",TEXT(Inscriptions!R44,"DD/MM/YYYY")))))) -> Bonjour, ceci est un rappel de la Fiveur Academy. Le paiement de 1000,0 MRU pour l'inscription de Houssein N'DIAYE (Football) est en attente. Date limite : non définie. Merci de régulariser. Cordialement, Fiveur Academy.
A51: =IF(Inscriptions!B45="","",Inscriptions!A45) -> 43 | B51: =IF(Inscriptions!B45="","",Inscriptions!B45) -> SOUMARÉ | C51: =IF(Inscriptions!B45="","",Inscriptions!C45) -> Djibrril | D51: =IF(Inscriptions!B45="","",Inscriptions!G45) -> +222 46 41 92 91 | E51: =IF(Inscriptions!B45="","",IF(AND(Inscriptions!I45="Oui",Inscriptions!J45="Oui"),"Football + Loisirs",IF(Inscriptions!I45="Oui","Football",IF(Inscriptions!J45="Oui","Centre Loisirs","")))) -> Football | F51: =IF(Inscriptions!B45="","",Inscriptions!N45) -> 1000 | G51: =IF(Inscriptions!B45="","",Inscriptions!O45) -> Partiel | H51: =IF(Inscriptions!B45="","",IF(Inscriptions!S45="","—",Inscriptions!S45&" j")) -> — | I51: =IF(Inscriptions!B45="","",IF(Inscriptions!O45="Payé","✅ Confirmation",IF(AND(Inscriptions!S45<>"",Inscriptions!S45>0),"🔴 Retard","🟡 Rappel"))) -> 🟡 Rappel | J51: =IF(Inscriptions!B45="","",IF(Inscriptions!O45="Payé",SUBSTITUTE(SUBSTITUTE(SUBSTITUTE(SUBSTITUTE(C5,"{MONTANT}",TEXT(Inscriptions!N45,"#,##0")&" MRU"),"{PRENOM}",Inscriptions!C45),"{NOM}",Inscriptions!B45),"{PRESTATION}",E51),IF(AND(Inscriptions!S45<>"",Inscriptions!S45>0),SUBSTITUTE(SUBSTITUTE(SUBSTITUTE(SUBSTITUTE(C4,"{MONTANT}",TEXT(Inscriptions!N45,"#,##0")&" MRU"),"{PRENOM}",Inscriptions!C45),"{NOM}",Inscriptions!B45),"{RETARD}",TEXT(Inscriptions!S45,"0")),SUBSTITUTE(SUBSTITUTE(SUBSTITUTE(SUBSTITUTE(SUBSTITUTE(C3,"{MONTANT}",TEXT(Inscriptions!N45,"#,##0")&" MRU"),"{PRENOM}",Inscriptions!C45),"{NOM}",Inscriptions!B45),"{PRESTATION}",E51),"{DATE_LIMITE}",IF(Inscriptions!R45="","non définie",TEXT(Inscriptions!R45,"DD/MM/YYYY")))))) -> Bonjour, ceci est un rappel de la Fiveur Academy. Le paiement de 1000,0 MRU pour l'inscription de Djibrril SOUMARÉ (Football) est en attente. Date limite : non définie. Merci de régulariser. Cordialement, Fiveur Academy.
A52: =IF(Inscriptions!B46="","",Inscriptions!A46) -> 44 | B52: =IF(Inscriptions!B46="","",Inscriptions!B46) -> BA | C52: =IF(Inscriptions!B46="","",Inscriptions!C46) -> Oumar | D52: =IF(Inscriptions!B46="","",Inscriptions!G46) -> +222 47 48 89 62 | E52: =IF(Inscriptions!B46="","",IF(AND(Inscriptions!I46="Oui",Inscriptions!J46="Oui"),"Football + Loisirs",IF(Inscriptions!I46="Oui","Football",IF(Inscriptions!J46="Oui","Centre Loisirs","")))) -> Football | F52: =IF(Inscriptions!B46="","",Inscriptions!N46) -> 1000 | G52: =IF(Inscriptions!B46="","",Inscriptions!O46) -> Partiel | H52: =IF(Inscriptions!B46="","",IF(Inscriptions!S46="","—",Inscriptions!S46&" j")) -> — | I52: =IF(Inscriptions!B46="","",IF(Inscriptions!O46="Payé","✅ Confirmation",IF(AND(Inscriptions!S46<>"",Inscriptions!S46>0),"🔴 Retard","🟡 Rappel"))) -> 🟡 Rappel | J52: =IF(Inscriptions!B46="","",IF(Inscriptions!O46="Payé",SUBSTITUTE(SUBSTITUTE(SUBSTITUTE(SUBSTITUTE(C5,"{MONTANT}",TEXT(Inscriptions!N46,"#,##0")&" MRU"),"{PRENOM}",Inscriptions!C46),"{NOM}",Inscriptions!B46),"{PRESTATION}",E52),IF(AND(Inscriptions!S46<>"",Inscriptions!S46>0),SUBSTITUTE(SUBSTITUTE(SUBSTITUTE(SUBSTITUTE(C4,"{MONTANT}",TEXT(Inscriptions!N46,"#,##0")&" MRU"),"{PRENOM}",Inscriptions!C46),"{NOM}",Inscriptions!B46),"{RETARD}",TEXT(Inscriptions!S46,"0")),SUBSTITUTE(SUBSTITUTE(SUBSTITUTE(SUBSTITUTE(SUBSTITUTE(C3,"{MONTANT}",TEXT(Inscriptions!N46,"#,##0")&" MRU"),"{PRENOM}",Inscriptions!C46),"{NOM}",Inscriptions!B46),"{PRESTATION}",E52),"{DATE_LIMITE}",IF(Inscriptions!R46="","non définie",TEXT(Inscriptions!R46,"DD/MM/YYYY")))))) -> Bonjour, ceci est un rappel de la Fiveur Academy. Le paiement de 1000,0 MRU pour l'inscription de Oumar BA (Football) est en attente. Date limite : non définie. Merci de régulariser. Cordialement, Fiveur Academy.
A53: =IF(Inscriptions!B47="","",Inscriptions!A47) -> 45 | B53: =IF(Inscriptions!B47="","",Inscriptions!B47) -> FALL | C53: =IF(Inscriptions!B47="","",Inscriptions!C47) -> Mohamedou | D53: =IF(Inscriptions!B47="","",Inscriptions!G47) -> +222 46 41 34 90 | E53: =IF(Inscriptions!B47="","",IF(AND(Inscriptions!I47="Oui",Inscriptions!J47="Oui"),"Football + Loisirs",IF(Inscriptions!I47="Oui","Football",IF(Inscriptions!J47="Oui","Centre Loisirs","")))) -> Football | F53: =IF(Inscriptions!B47="","",Inscriptions!N47) -> 1000 | G53: =IF(Inscriptions!B47="","",Inscriptions!O47) -> Partiel | H53: =IF(Inscriptions!B47="","",IF(Inscriptions!S47="","—",Inscriptions!S47&" j")) -> — | I53: =IF(Inscriptions!B47="","",IF(Inscriptions!O47="Payé","✅ Confirmation",IF(AND(Inscriptions!S47<>"",Inscriptions!S47>0),"🔴 Retard","🟡 Rappel"))) -> 🟡 Rappel | J53: =IF(Inscriptions!B47="","",IF(Inscriptions!O47="Payé",SUBSTITUTE(SUBSTITUTE(SUBSTITUTE(SUBSTITUTE(C5,"{MONTANT}",TEXT(Inscriptions!N47,"#,##0")&" MRU"),"{PRENOM}",Inscriptions!C47),"{NOM}",Inscriptions!B47),"{PRESTATION}",E53),IF(AND(Inscriptions!S47<>"",Inscriptions!S47>0),SUBSTITUTE(SUBSTITUTE(SUBSTITUTE(SUBSTITUTE(C4,"{MONTANT}",TEXT(Inscriptions!N47,"#,##0")&" MRU"),"{PRENOM}",Inscriptions!C47),"{NOM}",Inscriptions!B47),"{RETARD}",TEXT(Inscriptions!S47,"0")),SUBSTITUTE(SUBSTITUTE(SUBSTITUTE(SUBSTITUTE(SUBSTITUTE(C3,"{MONTANT}",TEXT(Inscriptions!N47,"#,##0")&" MRU"),"{PRENOM}",Inscriptions!C47),"{NOM}",Inscriptions!B47),"{PRESTATION}",E53),"{DATE_LIMITE}",IF(Inscriptions!R47="","non définie",TEXT(Inscriptions!R47,"DD/MM/YYYY")))))) -> Bonjour, ceci est un rappel de la Fiveur Academy. Le paiement de 1000,0 MRU pour l'inscription de Mohamedou FALL (Football) est en attente. Date limite : non définie. Merci de régulariser. Cordialement, Fiveur Academy.
A54: =IF(Inscriptions!B48="","",Inscriptions!A48) -> 46 | B54: =IF(Inscriptions!B48="","",Inscriptions!B48) -> SY | C54: =IF(Inscriptions!B48="","",Inscriptions!C48) -> Cheikh Ibrahim | D54: =IF(Inscriptions!B48="","",Inscriptions!G48) -> +222 41 76 49 96 | E54: =IF(Inscriptions!B48="","",IF(AND(Inscriptions!I48="Oui",Inscriptions!J48="Oui"),"Football + Loisirs",IF(Inscriptions!I48="Oui","Football",IF(Inscriptions!J48="Oui","Centre Loisirs","")))) -> Football | F54: =IF(Inscriptions!B48="","",Inscriptions!N48) -> 1000 | G54: =IF(Inscriptions!B48="","",Inscriptions!O48) -> Partiel | H54: =IF(Inscriptions!B48="","",IF(Inscriptions!S48="","—",Inscriptions!S48&" j")) -> — | I54: =IF(Inscriptions!B48="","",IF(Inscriptions!O48="Payé","✅ Confirmation",IF(AND(Inscriptions!S48<>"",Inscriptions!S48>0),"🔴 Retard","🟡 Rappel"))) -> 🟡 Rappel | J54: =IF(Inscriptions!B48="","",IF(Inscriptions!O48="Payé",SUBSTITUTE(SUBSTITUTE(SUBSTITUTE(SUBSTITUTE(C5,"{MONTANT}",TEXT(Inscriptions!N48,"#,##0")&" MRU"),"{PRENOM}",Inscriptions!C48),"{NOM}",Inscriptions!B48),"{PRESTATION}",E54),IF(AND(Inscriptions!S48<>"",Inscriptions!S48>0),SUBSTITUTE(SUBSTITUTE(SUBSTITUTE(SUBSTITUTE(C4,"{MONTANT}",TEXT(Inscriptions!N48,"#,##0")&" MRU"),"{PRENOM}",Inscriptions!C48),"{NOM}",Inscriptions!B48),"{RETARD}",TEXT(Inscriptions!S48,"0")),SUBSTITUTE(SUBSTITUTE(SUBSTITUTE(SUBSTITUTE(SUBSTITUTE(C3,"{MONTANT}",TEXT(Inscriptions!N48,"#,##0")&" MRU"),"{PRENOM}",Inscriptions!C48),"{NOM}",Inscriptions!B48),"{PRESTATION}",E54),"{DATE_LIMITE}",IF(Inscriptions!R48="","non définie",TEXT(Inscriptions!R48,"DD/MM/YYYY")))))) -> Bonjour, ceci est un rappel de la Fiveur Academy. Le paiement de 1000,0 MRU pour l'inscription de Cheikh Ibrahim SY (Football) est en attente. Date limite : non définie. Merci de régulariser. Cordialement, Fiveur Academy.
A55: =IF(Inscriptions!B49="","",Inscriptions!A49) -> 47 | B55: =IF(Inscriptions!B49="","",Inscriptions!B49) -> DIAGANA | C55: =IF(Inscriptions!B49="","",Inscriptions!C49) -> Mohamed | D55: =IF(Inscriptions!B49="","",Inscriptions!G49) -> +222 46 47 39 00 | E55: =IF(Inscriptions!B49="","",IF(AND(Inscriptions!I49="Oui",Inscriptions!J49="Oui"),"Football + Loisirs",IF(Inscriptions!I49="Oui","Football",IF(Inscriptions!J49="Oui","Centre Loisirs","")))) -> Football | F55: =IF(Inscriptions!B49="","",Inscriptions!N49) -> 2000 | G55: =IF(Inscriptions!B49="","",Inscriptions!O49) -> Payé | H55: =IF(Inscriptions!B49="","",IF(Inscriptions!S49="","—",Inscriptions!S49&" j")) -> — | I55: =IF(Inscriptions!B49="","",IF(Inscriptions!O49="Payé","✅ Confirmation",IF(AND(Inscriptions!S49<>"",Inscriptions!S49>0),"🔴 Retard","🟡 Rappel"))) -> ✅ Confirmation | J55: =IF(Inscriptions!B49="","",IF(Inscriptions!O49="Payé",SUBSTITUTE(SUBSTITUTE(SUBSTITUTE(SUBSTITUTE(C5,"{MONTANT}",TEXT(Inscriptions!N49,"#,##0")&" MRU"),"{PRENOM}",Inscriptions!C49),"{NOM}",Inscriptions!B49),"{PRESTATION}",E55),IF(AND(Inscriptions!S49<>"",Inscriptions!S49>0),SUBSTITUTE(SUBSTITUTE(SUBSTITUTE(SUBSTITUTE(C4,"{MONTANT}",TEXT(Inscriptions!N49,"#,##0")&" MRU"),"{PRENOM}",Inscriptions!C49),"{NOM}",Inscriptions!B49),"{RETARD}",TEXT(Inscriptions!S49,"0")),SUBSTITUTE(SUBSTITUTE(SUBSTITUTE(SUBSTITUTE(SUBSTITUTE(C3,"{MONTANT}",TEXT(Inscriptions!N49,"#,##0")&" MRU"),"{PRENOM}",Inscriptions!C49),"{NOM}",Inscriptions!B49),"{PRESTATION}",E55),"{DATE_LIMITE}",IF(Inscriptions!R49="","non définie",TEXT(Inscriptions!R49,"DD/MM/YYYY")))))) -> ✅ Bonjour, la Fiveur Academy confirme la réception du paiement de 2000,0 MRU pour Mohamed DIAGANA. Inscription validée pour : Football. Merci de votre confiance ! ⚽ Fiveur Academy — Since 2023.
A56: =IF(Inscriptions!B50="","",Inscriptions!A50) -> 48 | B56: =IF(Inscriptions!B50="","",Inscriptions!B50) -> DIAGANA | C56: =IF(Inscriptions!B50="","",Inscriptions!C50) -> Cheikhna | D56: =IF(Inscriptions!B50="","",Inscriptions!G50) -> +222 46 47 39 00 | E56: =IF(Inscriptions!B50="","",IF(AND(Inscriptions!I50="Oui",Inscriptions!J50="Oui"),"Football + Loisirs",IF(Inscriptions!I50="Oui","Football",IF(Inscriptions!J50="Oui","Centre Loisirs","")))) -> Football | F56: =IF(Inscriptions!B50="","",Inscriptions!N50) -> 2000 | G56: =IF(Inscriptions!B50="","",Inscriptions!O50) -> Payé | H56: =IF(Inscriptions!B50="","",IF(Inscriptions!S50="","—",Inscriptions!S50&" j")) -> — | I56: =IF(Inscriptions!B50="","",IF(Inscriptions!O50="Payé","✅ Confirmation",IF(AND(Inscriptions!S50<>"",Inscriptions!S50>0),"🔴 Retard","🟡 Rappel"))) -> ✅ Confirmation | J56: =IF(Inscriptions!B50="","",IF(Inscriptions!O50="Payé",SUBSTITUTE(SUBSTITUTE(SUBSTITUTE(SUBSTITUTE(C5,"{MONTANT}",TEXT(Inscriptions!N50,"#,##0")&" MRU"),"{PRENOM}",Inscriptions!C50),"{NOM}",Inscriptions!B50),"{PRESTATION}",E56),IF(AND(Inscriptions!S50<>"",Inscriptions!S50>0),SUBSTITUTE(SUBSTITUTE(SUBSTITUTE(SUBSTITUTE(C4,"{MONTANT}",TEXT(Inscriptions!N50,"#,##0")&" MRU"),"{PRENOM}",Inscriptions!C50),"{NOM}",Inscriptions!B50),"{RETARD}",TEXT(Inscriptions!S50,"0")),SUBSTITUTE(SUBSTITUTE(SUBSTITUTE(SUBSTITUTE(SUBSTITUTE(C3,"{MONTANT}",TEXT(Inscriptions!N50,"#,##0")&" MRU"),"{PRENOM}",Inscriptions!C50),"{NOM}",Inscriptions!B50),"{PRESTATION}",E56),"{DATE_LIMITE}",IF(Inscriptions!R50="","non définie",TEXT(Inscriptions!R50,"DD/MM/YYYY")))))) -> ✅ Bonjour, la Fiveur Academy confirme la réception du paiement de 2000,0 MRU pour Cheikhna DIAGANA. Inscription validée pour : Football. Merci de votre confiance ! ⚽ Fiveur Academy — Since 2023.
A57: =IF(Inscriptions!B51="","",Inscriptions!A51) -> 49 | B57: =IF(Inscriptions!B51="","",Inscriptions!B51) -> JOUAMEH | C57: =IF(Inscriptions!B51="","",Inscriptions!C51) -> Mouchtaba | D57: =IF(Inscriptions!B51="","",Inscriptions!G51) -> +222 37 73 11 52 | E57: =IF(Inscriptions!B51="","",IF(AND(Inscriptions!I51="Oui",Inscriptions!J51="Oui"),"Football + Loisirs",IF(Inscriptions!I51="Oui","Football",IF(Inscriptions!J51="Oui","Centre Loisirs","")))) -> Football | F57: =IF(Inscriptions!B51="","",Inscriptions!N51) -> 2000 | G57: =IF(Inscriptions!B51="","",Inscriptions!O51) -> Payé | H57: =IF(Inscriptions!B51="","",IF(Inscriptions!S51="","—",Inscriptions!S51&" j")) -> — | I57: =IF(Inscriptions!B51="","",IF(Inscriptions!O51="Payé","✅ Confirmation",IF(AND(Inscriptions!S51<>"",Inscriptions!S51>0),"🔴 Retard","🟡 Rappel"))) -> ✅ Confirmation | J57: =IF(Inscriptions!B51="","",IF(Inscriptions!O51="Payé",SUBSTITUTE(SUBSTITUTE(SUBSTITUTE(SUBSTITUTE(C5,"{MONTANT}",TEXT(Inscriptions!N51,"#,##0")&" MRU"),"{PRENOM}",Inscriptions!C51),"{NOM}",Inscriptions!B51),"{PRESTATION}",E57),IF(AND(Inscriptions!S51<>"",Inscriptions!S51>0),SUBSTITUTE(SUBSTITUTE(SUBSTITUTE(SUBSTITUTE(C4,"{MONTANT}",TEXT(Inscriptions!N51,"#,##0")&" MRU"),"{PRENOM}",Inscriptions!C51),"{NOM}",Inscriptions!B51),"{RETARD}",TEXT(Inscriptions!S51,"0")),SUBSTITUTE(SUBSTITUTE(SUBSTITUTE(SUBSTITUTE(SUBSTITUTE(C3,"{MONTANT}",TEXT(Inscriptions!N51,"#,##0")&" MRU"),"{PRENOM}",Inscriptions!C51),"{NOM}",Inscriptions!B51),"{PRESTATION}",E57),"{DATE_LIMITE}",IF(Inscriptions!R51="","non définie",TEXT(Inscriptions!R51,"DD/MM/YYYY")))))) -> ✅ Bonjour, la Fiveur Academy confirme la réception du paiement de 2000,0 MRU pour Mouchtaba JOUAMEH. Inscription validée pour : Football. Merci de votre confiance ! ⚽ Fiveur Academy — Since 2023.
A58: =IF(Inscriptions!B52="","",Inscriptions!A52) -> 50 | B58: =IF(Inscriptions!B52="","",Inscriptions!B52) -> JOUAMEH | C58: =IF(Inscriptions!B52="","",Inscriptions!C52) -> Khalid | D58: =IF(Inscriptions!B52="","",Inscriptions!G52) -> +222 37 73 11 52 | E58: =IF(Inscriptions!B52="","",IF(AND(Inscriptions!I52="Oui",Inscriptions!J52="Oui"),"Football + Loisirs",IF(Inscriptions!I52="Oui","Football",IF(Inscriptions!J52="Oui","Centre Loisirs","")))) -> Football | F58: =IF(Inscriptions!B52="","",Inscriptions!N52) -> 2000 | G58: =IF(Inscriptions!B52="","",Inscriptions!O52) -> Payé | H58: =IF(Inscriptions!B52="","",IF(Inscriptions!S52="","—",Inscriptions!S52&" j")) -> — | I58: =IF(Inscriptions!B52="","",IF(Inscriptions!O52="Payé","✅ Confirmation",IF(AND(Inscriptions!S52<>"",Inscriptions!S52>0),"🔴 Retard","🟡 Rappel"))) -> ✅ Confirmation | J58: =IF(Inscriptions!B52="","",IF(Inscriptions!O52="Payé",SUBSTITUTE(SUBSTITUTE(SUBSTITUTE(SUBSTITUTE(C5,"{MONTANT}",TEXT(Inscriptions!N52,"#,##0")&" MRU"),"{PRENOM}",Inscriptions!C52),"{NOM}",Inscriptions!B52),"{PRESTATION}",E58),IF(AND(Inscriptions!S52<>"",Inscriptions!S52>0),SUBSTITUTE(SUBSTITUTE(SUBSTITUTE(SUBSTITUTE(C4,"{MONTANT}",TEXT(Inscriptions!N52,"#,##0")&" MRU"),"{PRENOM}",Inscriptions!C52),"{NOM}",Inscriptions!B52),"{RETARD}",TEXT(Inscriptions!S52,"0")),SUBSTITUTE(SUBSTITUTE(SUBSTITUTE(SUBSTITUTE(SUBSTITUTE(C3,"{MONTANT}",TEXT(Inscriptions!N52,"#,##0")&" MRU"),"{PRENOM}",Inscriptions!C52),"{NOM}",Inscriptions!B52),"{PRESTATION}",E58),"{DATE_LIMITE}",IF(Inscriptions!R52="","non définie",TEXT(Inscriptions!R52,"DD/MM/YYYY")))))) -> ✅ Bonjour, la Fiveur Academy confirme la réception du paiement de 2000,0 MRU pour Khalid JOUAMEH. Inscription validée pour : Football. Merci de votre confiance ! ⚽ Fiveur Academy — Since 2023.
A59: =IF(Inscriptions!B53="","",Inscriptions!A53) -> 51 | B59: =IF(Inscriptions!B53="","",Inscriptions!B53) -> DIAGANA | C59: =IF(Inscriptions!B53="","",Inscriptions!C53) -> Cheikh Tijane | D59: =IF(Inscriptions!B53="","",Inscriptions!G53) -> +222 46 40 40 50 | E59: =IF(Inscriptions!B53="","",IF(AND(Inscriptions!I53="Oui",Inscriptions!J53="Oui"),"Football + Loisirs",IF(Inscriptions!I53="Oui","Football",IF(Inscriptions!J53="Oui","Centre Loisirs","")))) -> Football | F59: =IF(Inscriptions!B53="","",Inscriptions!N53) -> 2000 | G59: =IF(Inscriptions!B53="","",Inscriptions!O53) -> Payé | H59: =IF(Inscriptions!B53="","",IF(Inscriptions!S53="","—",Inscriptions!S53&" j")) -> — | I59: =IF(Inscriptions!B53="","",IF(Inscriptions!O53="Payé","✅ Confirmation",IF(AND(Inscriptions!S53<>"",Inscriptions!S53>0),"🔴 Retard","🟡 Rappel"))) -> ✅ Confirmation | J59: =IF(Inscriptions!B53="","",IF(Inscriptions!O53="Payé",SUBSTITUTE(SUBSTITUTE(SUBSTITUTE(SUBSTITUTE(C5,"{MONTANT}",TEXT(Inscriptions!N53,"#,##0")&" MRU"),"{PRENOM}",Inscriptions!C53),"{NOM}",Inscriptions!B53),"{PRESTATION}",E59),IF(AND(Inscriptions!S53<>"",Inscriptions!S53>0),SUBSTITUTE(SUBSTITUTE(SUBSTITUTE(SUBSTITUTE(C4,"{MONTANT}",TEXT(Inscriptions!N53,"#,##0")&" MRU"),"{PRENOM}",Inscriptions!C53),"{NOM}",Inscriptions!B53),"{RETARD}",TEXT(Inscriptions!S53,"0")),SUBSTITUTE(SUBSTITUTE(SUBSTITUTE(SUBSTITUTE(SUBSTITUTE(C3,"{MONTANT}",TEXT(Inscriptions!N53,"#,##0")&" MRU"),"{PRENOM}",Inscriptions!C53),"{NOM}",Inscriptions!B53),"{PRESTATION}",E59),"{DATE_LIMITE}",IF(Inscriptions!R53="","non définie",TEXT(Inscriptions!R53,"DD/MM/YYYY")))))) -> ✅ Bonjour, la Fiveur Academy confirme la réception du paiement de 2000,0 MRU pour Cheikh Tijane DIAGANA. Inscription validée pour : Football. Merci de votre confiance ! ⚽ Fiveur Academy — Since 2023.
A60: =IF(Inscriptions!B54="","",Inscriptions!A54) -> 52 | B60: =IF(Inscriptions!B54="","",Inscriptions!B54) -> KONATÉ | C60: =IF(Inscriptions!B54="","",Inscriptions!C54) -> Bachir | D60: =IF(Inscriptions!B54="","",Inscriptions!G54) -> +222 42 00 04 20 | E60: =IF(Inscriptions!B54="","",IF(AND(Inscriptions!I54="Oui",Inscriptions!J54="Oui"),"Football + Loisirs",IF(Inscriptions!I54="Oui","Football",IF(Inscriptions!J54="Oui","Centre Loisirs","")))) -> Football | F60: =IF(Inscriptions!B54="","",Inscriptions!N54) -> 2000 | G60: =IF(Inscriptions!B54="","",Inscriptions!O54) -> Payé | H60: =IF(Inscriptions!B54="","",IF(Inscriptions!S54="","—",Inscriptions!S54&" j")) -> — | I60: =IF(Inscriptions!B54="","",IF(Inscriptions!O54="Payé","✅ Confirmation",IF(AND(Inscriptions!S54<>"",Inscriptions!S54>0),"🔴 Retard","🟡 Rappel"))) -> ✅ Confirmation | J60: =IF(Inscriptions!B54="","",IF(Inscriptions!O54="Payé",SUBSTITUTE(SUBSTITUTE(SUBSTITUTE(SUBSTITUTE(C5,"{MONTANT}",TEXT(Inscriptions!N54,"#,##0")&" MRU"),"{PRENOM}",Inscriptions!C54),"{NOM}",Inscriptions!B54),"{PRESTATION}",E60),IF(AND(Inscriptions!S54<>"",Inscriptions!S54>0),SUBSTITUTE(SUBSTITUTE(SUBSTITUTE(SUBSTITUTE(C4,"{MONTANT}",TEXT(Inscriptions!N54,"#,##0")&" MRU"),"{PRENOM}",Inscriptions!C54),"{NOM}",Inscriptions!B54),"{RETARD}",TEXT(Inscriptions!S54,"0")),SUBSTITUTE(SUBSTITUTE(SUBSTITUTE(SUBSTITUTE(SUBSTITUTE(C3,"{MONTANT}",TEXT(Inscriptions!N54,"#,##0")&" MRU"),"{PRENOM}",Inscriptions!C54),"{NOM}",Inscriptions!B54),"{PRESTATION}",E60),"{DATE_LIMITE}",IF(Inscriptions!R54="","non définie",TEXT(Inscriptions!R54,"DD/MM/YYYY")))))) -> ✅ Bonjour, la Fiveur Academy confirme la réception du paiement de 2000,0 MRU pour Bachir KONATÉ. Inscription validée pour : Football. Merci de votre confiance ! ⚽ Fiveur Academy — Since 2023.
A61: =IF(Inscriptions!B55="","",Inscriptions!A55) -> 53 | B61: =IF(Inscriptions!B55="","",Inscriptions!B55) -> SAMBA | C61: =IF(Inscriptions!B55="","",Inscriptions!C55) -> Zakaria | D61: =IF(Inscriptions!B55="","",Inscriptions!G55) -> +222 46 90 25 22 | E61: =IF(Inscriptions!B55="","",IF(AND(Inscriptions!I55="Oui",Inscriptions!J55="Oui"),"Football + Loisirs",IF(Inscriptions!I55="Oui","Football",IF(Inscriptions!J55="Oui","Centre Loisirs","")))) -> Football | F61: =IF(Inscriptions!B55="","",Inscriptions!N55) -> 2000 | G61: =IF(Inscriptions!B55="","",Inscriptions!O55) -> Payé | H61: =IF(Inscriptions!B55="","",IF(Inscriptions!S55="","—",Inscriptions!S55&" j")) -> — | I61: =IF(Inscriptions!B55="","",IF(Inscriptions!O55="Payé","✅ Confirmation",IF(AND(Inscriptions!S55<>"",Inscriptions!S55>0),"🔴 Retard","🟡 Rappel"))) -> ✅ Confirmation | J61: =IF(Inscriptions!B55="","",IF(Inscriptions!O55="Payé",SUBSTITUTE(SUBSTITUTE(SUBSTITUTE(SUBSTITUTE(C5,"{MONTANT}",TEXT(Inscriptions!N55,"#,##0")&" MRU"),"{PRENOM}",Inscriptions!C55),"{NOM}",Inscriptions!B55),"{PRESTATION}",E61),IF(AND(Inscriptions!S55<>"",Inscriptions!S55>0),SUBSTITUTE(SUBSTITUTE(SUBSTITUTE(SUBSTITUTE(C4,"{MONTANT}",TEXT(Inscriptions!N55,"#,##0")&" MRU"),"{PRENOM}",Inscriptions!C55),"{NOM}",Inscriptions!B55),"{RETARD}",TEXT(Inscriptions!S55,"0")),SUBSTITUTE(SUBSTITUTE(SUBSTITUTE(SUBSTITUTE(SUBSTITUTE(C3,"{MONTANT}",TEXT(Inscriptions!N55,"#,##0")&" MRU"),"{PRENOM}",Inscriptions!C55),"{NOM}",Inscriptions!B55),"{PRESTATION}",E61),"{DATE_LIMITE}",IF(Inscriptions!R55="","non définie",TEXT(Inscriptions!R55,"DD/MM/YYYY")))))) -> ✅ Bonjour, la Fiveur Academy confirme la réception du paiement de 2000,0 MRU pour Zakaria SAMBA. Inscription validée pour : Football. Merci de votre confiance ! ⚽ Fiveur Academy — Since 2023.
A62: =IF(Inscriptions!B56="","",Inscriptions!A56) -> 54 | B62: =IF(Inscriptions!B56="","",Inscriptions!B56) -> SAMBA | C62: =IF(Inscriptions!B56="","",Inscriptions!C56) -> Moussa | D62: =IF(Inscriptions!B56="","",Inscriptions!G56) -> +222 46 90 25 22 | E62: =IF(Inscriptions!B56="","",IF(AND(Inscriptions!I56="Oui",Inscriptions!J56="Oui"),"Football + Loisirs",IF(Inscriptions!I56="Oui","Football",IF(Inscriptions!J56="Oui","Centre Loisirs","")))) -> Football | F62: =IF(Inscriptions!B56="","",Inscriptions!N56) -> 2000 | G62: =IF(Inscriptions!B56="","",Inscriptions!O56) -> Payé | H62: =IF(Inscriptions!B56="","",IF(Inscriptions!S56="","—",Inscriptions!S56&" j")) -> — | I62: =IF(Inscriptions!B56="","",IF(Inscriptions!O56="Payé","✅ Confirmation",IF(AND(Inscriptions!S56<>"",Inscriptions!S56>0),"🔴 Retard","🟡 Rappel"))) -> ✅ Confirmation | J62: =IF(Inscriptions!B56="","",IF(Inscriptions!O56="Payé",SUBSTITUTE(SUBSTITUTE(SUBSTITUTE(SUBSTITUTE(C5,"{MONTANT}",TEXT(Inscriptions!N56,"#,##0")&" MRU"),"{PRENOM}",Inscriptions!C56),"{NOM}",Inscriptions!B56),"{PRESTATION}",E62),IF(AND(Inscriptions!S56<>"",Inscriptions!S56>0),SUBSTITUTE(SUBSTITUTE(SUBSTITUTE(SUBSTITUTE(C4,"{MONTANT}",TEXT(Inscriptions!N56,"#,##0")&" MRU"),"{PRENOM}",Inscriptions!C56),"{NOM}",Inscriptions!B56),"{RETARD}",TEXT(Inscriptions!S56,"0")),SUBSTITUTE(SUBSTITUTE(SUBSTITUTE(SUBSTITUTE(SUBSTITUTE(C3,"{MONTANT}",TEXT(Inscriptions!N56,"#,##0")&" MRU"),"{PRENOM}",Inscriptions!C56),"{NOM}",Inscriptions!B56),"{PRESTATION}",E62),"{DATE_LIMITE}",IF(Inscriptions!R56="","non définie",TEXT(Inscriptions!R56,"DD/MM/YYYY")))))) -> ✅ Bonjour, la Fiveur Academy confirme la réception du paiement de 2000,0 MRU pour Moussa SAMBA. Inscription validée pour : Football. Merci de votre confiance ! ⚽ Fiveur Academy — Since 2023.
A63: =IF(Inscriptions!B57="","",Inscriptions!A57) -> 55 | B63: =IF(Inscriptions!B57="","",Inscriptions!B57) -> SAMBA | C63: =IF(Inscriptions!B57="","",Inscriptions!C57) -> Aminata | D63: =IF(Inscriptions!B57="","",Inscriptions!G57) -> +222 46 90 25 22 | E63: =IF(Inscriptions!B57="","",IF(AND(Inscriptions!I57="Oui",Inscriptions!J57="Oui"),"Football + Loisirs",IF(Inscriptions!I57="Oui","Football",IF(Inscriptions!J57="Oui","Centre Loisirs","")))) -> Football | F63: =IF(Inscriptions!B57="","",Inscriptions!N57) -> 2000 | G63: =IF(Inscriptions!B57="","",Inscriptions!O57) -> Payé | H63: =IF(Inscriptions!B57="","",IF(Inscriptions!S57="","—",Inscriptions!S57&" j")) -> — | I63: =IF(Inscriptions!B57="","",IF(Inscriptions!O57="Payé","✅ Confirmation",IF(AND(Inscriptions!S57<>"",Inscriptions!S57>0),"🔴 Retard","🟡 Rappel"))) -> ✅ Confirmation | J63: =IF(Inscriptions!B57="","",IF(Inscriptions!O57="Payé",SUBSTITUTE(SUBSTITUTE(SUBSTITUTE(SUBSTITUTE(C5,"{MONTANT}",TEXT(Inscriptions!N57,"#,##0")&" MRU"),"{PRENOM}",Inscriptions!C57),"{NOM}",Inscriptions!B57),"{PRESTATION}",E63),IF(AND(Inscriptions!S57<>"",Inscriptions!S57>0),SUBSTITUTE(SUBSTITUTE(SUBSTITUTE(SUBSTITUTE(C4,"{MONTANT}",TEXT(Inscriptions!N57,"#,##0")&" MRU"),"{PRENOM}",Inscriptions!C57),"{NOM}",Inscriptions!B57),"{RETARD}",TEXT(Inscriptions!S57,"0")),SUBSTITUTE(SUBSTITUTE(SUBSTITUTE(SUBSTITUTE(SUBSTITUTE(C3,"{MONTANT}",TEXT(Inscriptions!N57,"#,##0")&" MRU"),"{PRENOM}",Inscriptions!C57),"{NOM}",Inscriptions!B57),"{PRESTATION}",E63),"{DATE_LIMITE}",IF(Inscriptions!R57="","non définie",TEXT(Inscriptions!R57,"DD/MM/YYYY")))))) -> ✅ Bonjour, la Fiveur Academy confirme la réception du paiement de 2000,0 MRU pour Aminata SAMBA. Inscription validée pour : Football. Merci de votre confiance ! ⚽ Fiveur Academy — Since 2023.
A64: =IF(Inscriptions!B58="","",Inscriptions!A58) -> 56 | B64: =IF(Inscriptions!B58="","",Inscriptions!B58) -> DIAGANA | C64: =IF(Inscriptions!B58="","",Inscriptions!C58) -> Diedia | D64: =IF(Inscriptions!B58="","",Inscriptions!G58) -> +222 47 47 77 77 | E64: =IF(Inscriptions!B58="","",IF(AND(Inscriptions!I58="Oui",Inscriptions!J58="Oui"),"Football + Loisirs",IF(Inscriptions!I58="Oui","Football",IF(Inscriptions!J58="Oui","Centre Loisirs","")))) -> Football | F64: =IF(Inscriptions!B58="","",Inscriptions!N58) -> 2000 | G64: =IF(Inscriptions!B58="","",Inscriptions!O58) -> Payé | H64: =IF(Inscriptions!B58="","",IF(Inscriptions!S58="","—",Inscriptions!S58&" j")) -> — | I64: =IF(Inscriptions!B58="","",IF(Inscriptions!O58="Payé","✅ Confirmation",IF(AND(Inscriptions!S58<>"",Inscriptions!S58>0),"🔴 Retard","🟡 Rappel"))) -> ✅ Confirmation | J64: =IF(Inscriptions!B58="","",IF(Inscriptions!O58="Payé",SUBSTITUTE(SUBSTITUTE(SUBSTITUTE(SUBSTITUTE(C5,"{MONTANT}",TEXT(Inscriptions!N58,"#,##0")&" MRU"),"{PRENOM}",Inscriptions!C58),"{NOM}",Inscriptions!B58),"{PRESTATION}",E64),IF(AND(Inscriptions!S58<>"",Inscriptions!S58>0),SUBSTITUTE(SUBSTITUTE(SUBSTITUTE(SUBSTITUTE(C4,"{MONTANT}",TEXT(Inscriptions!N58,"#,##0")&" MRU"),"{PRENOM}",Inscriptions!C58),"{NOM}",Inscriptions!B58),"{RETARD}",TEXT(Inscriptions!S58,"0")),SUBSTITUTE(SUBSTITUTE(SUBSTITUTE(SUBSTITUTE(SUBSTITUTE(C3,"{MONTANT}",TEXT(Inscriptions!N58,"#,##0")&" MRU"),"{PRENOM}",Inscriptions!C58),"{NOM}",Inscriptions!B58),"{PRESTATION}",E64),"{DATE_LIMITE}",IF(Inscriptions!R58="","non définie",TEXT(Inscriptions!R58,"DD/MM/YYYY")))))) -> ✅ Bonjour, la Fiveur Academy confirme la réception du paiement de 2000,0 MRU pour Diedia DIAGANA. Inscription validée pour : Football. Merci de votre confiance ! ⚽ Fiveur Academy — Since 2023.
A65: =IF(Inscriptions!B59="","",Inscriptions!A59) -> 57 | B65: =IF(Inscriptions!B59="","",Inscriptions!B59) | C65: =IF(Inscriptions!B59="","",Inscriptions!C59) -> Moussa | D65: =IF(Inscriptions!B59="","",Inscriptions!G59) -> +1 (610) 931-3919 | E65: =IF(Inscriptions!B59="","",IF(AND(Inscriptions!I59="Oui",Inscriptions!J59="Oui"),"Football + Loisirs",IF(Inscriptions!I59="Oui","Football",IF(Inscriptions!J59="Oui","Centre Loisirs","")))) -> Football | F65: =IF(Inscriptions!B59="","",Inscriptions!N59) -> 2000 | G65: =IF(Inscriptions!B59="","",Inscriptions!O59) -> Payé | H65: =IF(Inscriptions!B59="","",IF(Inscriptions!S59="","—",Inscriptions!S59&" j")) -> — | I65: =IF(Inscriptions!B59="","",IF(Inscriptions!O59="Payé","✅ Confirmation",IF(AND(Inscriptions!S59<>"",Inscriptions!S59>0),"🔴 Retard","🟡 Rappel"))) -> ✅ Confirmation | J65: =IF(Inscriptions!B59="","",IF(Inscriptions!O59="Payé",SUBSTITUTE(SUBSTITUTE(SUBSTITUTE(SUBSTITUTE(C5,"{MONTANT}",TEXT(Inscriptions!N59,"#,##0")&" MRU"),"{PRENOM}",Inscriptions!C59),"{NOM}",Inscriptions!B59),"{PRESTATION}",E65),IF(AND(Inscriptions!S59<>"",Inscriptions!S59>0),SUBSTITUTE(SUBSTITUTE(SUBSTITUTE(SUBSTITUTE(C4,"{MONTANT}",TEXT(Inscriptions!N59,"#,##0")&" MRU"),"{PRENOM}",Inscriptions!C59),"{NOM}",Inscriptions!B59),"{RETARD}",TEXT(Inscriptions!S59,"0")),SUBSTITUTE(SUBSTITUTE(SUBSTITUTE(SUBSTITUTE(SUBSTITUTE(C3,"{MONTANT}",TEXT(Inscriptions!N59,"#,##0")&" MRU"),"{PRENOM}",Inscriptions!C59),"{NOM}",Inscriptions!B59),"{PRESTATION}",E65),"{DATE_LIMITE}",IF(Inscriptions!R59="","non définie",TEXT(Inscriptions!R59,"DD/MM/YYYY")))))) -> ✅ Bonjour, la Fiveur Academy confirme la réception du paiement de 2000,0 MRU pour Moussa . Inscription validée pour : Football. Merci de votre confiance ! ⚽ Fiveur Academy — Since 2023.
A66: =IF(Inscriptions!B60="","",Inscriptions!A60) -> 58 | B66: =IF(Inscriptions!B60="","",Inscriptions!B60) -> CAMARA | C66: =IF(Inscriptions!B60="","",Inscriptions!C60) -> Abdallahi | D66: =IF(Inscriptions!B60="","",Inscriptions!G60) -> +1 (610) 931-3919 | E66: =IF(Inscriptions!B60="","",IF(AND(Inscriptions!I60="Oui",Inscriptions!J60="Oui"),"Football + Loisirs",IF(Inscriptions!I60="Oui","Football",IF(Inscriptions!J60="Oui","Centre Loisirs","")))) -> Football | F66: =IF(Inscriptions!B60="","",Inscriptions!N60) -> 2000 | G66: =IF(Inscriptions!B60="","",Inscriptions!O60) -> Payé | H66: =IF(Inscriptions!B60="","",IF(Inscriptions!S60="","—",Inscriptions!S60&" j")) -> — | I66: =IF(Inscriptions!B60="","",IF(Inscriptions!O60="Payé","✅ Confirmation",IF(AND(Inscriptions!S60<>"",Inscriptions!S60>0),"🔴 Retard","🟡 Rappel"))) -> ✅ Confirmation | J66: =IF(Inscriptions!B60="","",IF(Inscriptions!O60="Payé",SUBSTITUTE(SUBSTITUTE(SUBSTITUTE(SUBSTITUTE(C5,"{MONTANT}",TEXT(Inscriptions!N60,"#,##0")&" MRU"),"{PRENOM}",Inscriptions!C60),"{NOM}",Inscriptions!B60),"{PRESTATION}",E66),IF(AND(Inscriptions!S60<>"",Inscriptions!S60>0),SUBSTITUTE(SUBSTITUTE(SUBSTITUTE(SUBSTITUTE(C4,"{MONTANT}",TEXT(Inscriptions!N60,"#,##0")&" MRU"),"{PRENOM}",Inscriptions!C60),"{NOM}",Inscriptions!B60),"{RETARD}",TEXT(Inscriptions!S60,"0")),SUBSTITUTE(SUBSTITUTE(SUBSTITUTE(SUBSTITUTE(SUBSTITUTE(C3,"{MONTANT}",TEXT(Inscriptions!N60,"#,##0")&" MRU"),"{PRENOM}",Inscriptions!C60),"{NOM}",Inscriptions!B60),"{PRESTATION}",E66),"{DATE_LIMITE}",IF(Inscriptions!R60="","non définie",TEXT(Inscriptions!R60,"DD/MM/YYYY")))))) -> ✅ Bonjour, la Fiveur Academy confirme la réception du paiement de 2000,0 MRU pour Abdallahi CAMARA. Inscription validée pour : Football. Merci de votre confiance ! ⚽ Fiveur Academy — Since 2023.
A67: =IF(Inscriptions!B61="","",Inscriptions!A61) -> 59 | B67: =IF(Inscriptions!B61="","",Inscriptions!B61) -> DIALLO | C67: =IF(Inscriptions!B61="","",Inscriptions!C61) -> Youssouf | D67: =IF(Inscriptions!B61="","",Inscriptions!G61) -> +33 6 46 30 67 06 | E67: =IF(Inscriptions!B61="","",IF(AND(Inscriptions!I61="Oui",Inscriptions!J61="Oui"),"Football + Loisirs",IF(Inscriptions!I61="Oui","Football",IF(Inscriptions!J61="Oui","Centre Loisirs","")))) -> Football | F67: =IF(Inscriptions!B61="","",Inscriptions!N61) -> 2000 | G67: =IF(Inscriptions!B61="","",Inscriptions!O61) -> Payé | H67: =IF(Inscriptions!B61="","",IF(Inscriptions!S61="","—",Inscriptions!S61&" j")) -> — | I67: =IF(Inscriptions!B61="","",IF(Inscriptions!O61="Payé","✅ Confirmation",IF(AND(Inscriptions!S61<>"",Inscriptions!S61>0),"🔴 Retard","🟡 Rappel"))) -> ✅ Confirmation | J67: =IF(Inscriptions!B61="","",IF(Inscriptions!O61="Payé",SUBSTITUTE(SUBSTITUTE(SUBSTITUTE(SUBSTITUTE(C5,"{MONTANT}",TEXT(Inscriptions!N61,"#,##0")&" MRU"),"{PRENOM}",Inscriptions!C61),"{NOM}",Inscriptions!B61),"{PRESTATION}",E67),IF(AND(Inscriptions!S61<>"",Inscriptions!S61>0),SUBSTITUTE(SUBSTITUTE(SUBSTITUTE(SUBSTITUTE(C4,"{MONTANT}",TEXT(Inscriptions!N61,"#,##0")&" MRU"),"{PRENOM}",Inscriptions!C61),"{NOM}",Inscriptions!B61),"{RETARD}",TEXT(Inscriptions!S61,"0")),SUBSTITUTE(SUBSTITUTE(SUBSTITUTE(SUBSTITUTE(SUBSTITUTE(C3,"{MONTANT}",TEXT(Inscriptions!N61,"#,##0")&" MRU"),"{PRENOM}",Inscriptions!C61),"{NOM}",Inscriptions!B61),"{PRESTATION}",E67),"{DATE_LIMITE}",IF(Inscriptions!R61="","non définie",TEXT(Inscriptions!R61,"DD/MM/YYYY")))))) -> ✅ Bonjour, la Fiveur Academy confirme la réception du paiement de 2000,0 MRU pour Youssouf DIALLO. Inscription validée pour : Football. Merci de votre confiance ! ⚽ Fiveur Academy — Since 2023.
A68: =IF(Inscriptions!B62="","",Inscriptions!A62) -> 60 | B68: =IF(Inscriptions!B62="","",Inscriptions!B62) -> BAH | C68: =IF(Inscriptions!B62="","",Inscriptions!C62) -> Khalipha | D68: =IF(Inscriptions!B62="","",Inscriptions!G62) -> +222 47 88 18 08 | E68: =IF(Inscriptions!B62="","",IF(AND(Inscriptions!I62="Oui",Inscriptions!J62="Oui"),"Football + Loisirs",IF(Inscriptions!I62="Oui","Football",IF(Inscriptions!J62="Oui","Centre Loisirs","")))) -> Football | F68: =IF(Inscriptions!B62="","",Inscriptions!N62) -> 2000 | G68: =IF(Inscriptions!B62="","",Inscriptions!O62) -> Payé | H68: =IF(Inscriptions!B62="","",IF(Inscriptions!S62="","—",Inscriptions!S62&" j")) -> — | I68: =IF(Inscriptions!B62="","",IF(Inscriptions!O62="Payé","✅ Confirmation",IF(AND(Inscriptions!S62<>"",Inscriptions!S62>0),"🔴 Retard","🟡 Rappel"))) -> ✅ Confirmation | J68: =IF(Inscriptions!B62="","",IF(Inscriptions!O62="Payé",SUBSTITUTE(SUBSTITUTE(SUBSTITUTE(SUBSTITUTE(C5,"{MONTANT}",TEXT(Inscriptions!N62,"#,##0")&" MRU"),"{PRENOM}",Inscriptions!C62),"{NOM}",Inscriptions!B62),"{PRESTATION}",E68),IF(AND(Inscriptions!S62<>"",Inscriptions!S62>0),SUBSTITUTE(SUBSTITUTE(SUBSTITUTE(SUBSTITUTE(C4,"{MONTANT}",TEXT(Inscriptions!N62,"#,##0")&" MRU"),"{PRENOM}",Inscriptions!C62),"{NOM}",Inscriptions!B62),"{RETARD}",TEXT(Inscriptions!S62,"0")),SUBSTITUTE(SUBSTITUTE(SUBSTITUTE(SUBSTITUTE(SUBSTITUTE(C3,"{MONTANT}",TEXT(Inscriptions!N62,"#,##0")&" MRU"),"{PRENOM}",Inscriptions!C62),"{NOM}",Inscriptions!B62),"{PRESTATION}",E68),"{DATE_LIMITE}",IF(Inscriptions!R62="","non définie",TEXT(Inscriptions!R62,"DD/MM/YYYY")))))) -> ✅ Bonjour, la Fiveur Academy confirme la réception du paiement de 2000,0 MRU pour Khalipha BAH. Inscription validée pour : Football. Merci de votre confiance ! ⚽ Fiveur Academy — Since 2023.
A69: =IF(Inscriptions!B63="","",Inscriptions!A63) -> 61 | B69: =IF(Inscriptions!B63="","",Inscriptions!B63) -> KONATÉ | C69: =IF(Inscriptions!B63="","",Inscriptions!C63) -> Kama | D69: =IF(Inscriptions!B63="","",Inscriptions!G63) -> +222 41 46 24 13 | E69: =IF(Inscriptions!B63="","",IF(AND(Inscriptions!I63="Oui",Inscriptions!J63="Oui"),"Football + Loisirs",IF(Inscriptions!I63="Oui","Football",IF(Inscriptions!J63="Oui","Centre Loisirs","")))) -> Football | F69: =IF(Inscriptions!B63="","",Inscriptions!N63) -> 1000 | G69: =IF(Inscriptions!B63="","",Inscriptions!O63) -> Partiel | H69: =IF(Inscriptions!B63="","",IF(Inscriptions!S63="","—",Inscriptions!S63&" j")) -> — | I69: =IF(Inscriptions!B63="","",IF(Inscriptions!O63="Payé","✅ Confirmation",IF(AND(Inscriptions!S63<>"",Inscriptions!S63>0),"🔴 Retard","🟡 Rappel"))) -> 🟡 Rappel | J69: =IF(Inscriptions!B63="","",IF(Inscriptions!O63="Payé",SUBSTITUTE(SUBSTITUTE(SUBSTITUTE(SUBSTITUTE(C5,"{MONTANT}",TEXT(Inscriptions!N63,"#,##0")&" MRU"),"{PRENOM}",Inscriptions!C63),"{NOM}",Inscriptions!B63),"{PRESTATION}",E69),IF(AND(Inscriptions!S63<>"",Inscriptions!S63>0),SUBSTITUTE(SUBSTITUTE(SUBSTITUTE(SUBSTITUTE(C4,"{MONTANT}",TEXT(Inscriptions!N63,"#,##0")&" MRU"),"{PRENOM}",Inscriptions!C63),"{NOM}",Inscriptions!B63),"{RETARD}",TEXT(Inscriptions!S63,"0")),SUBSTITUTE(SUBSTITUTE(SUBSTITUTE(SUBSTITUTE(SUBSTITUTE(C3,"{MONTANT}",TEXT(Inscriptions!N63,"#,##0")&" MRU"),"{PRENOM}",Inscriptions!C63),"{NOM}",Inscriptions!B63),"{PRESTATION}",E69),"{DATE_LIMITE}",IF(Inscriptions!R63="","non définie",TEXT(Inscriptions!R63,"DD/MM/YYYY")))))) -> Bonjour, ceci est un rappel de la Fiveur Academy. Le paiement de 1000,0 MRU pour l'inscription de Kama KONATÉ (Football) est en attente. Date limite : non définie. Merci de régulariser. Cordialement, Fiveur Academy.
A70: =IF(Inscriptions!B64="","",Inscriptions!A64) -> 62 | B70: =IF(Inscriptions!B64="","",Inscriptions!B64) -> SIDIBÉ | C70: =IF(Inscriptions!B64="","",Inscriptions!C64) -> Karamoko | D70: =IF(Inscriptions!B64="","",Inscriptions!G64) -> +222 46 83 01 01 | E70: =IF(Inscriptions!B64="","",IF(AND(Inscriptions!I64="Oui",Inscriptions!J64="Oui"),"Football + Loisirs",IF(Inscriptions!I64="Oui","Football",IF(Inscriptions!J64="Oui","Centre Loisirs","")))) -> Football | F70: =IF(Inscriptions!B64="","",Inscriptions!N64) -> 0 | G70: =IF(Inscriptions!B64="","",Inscriptions!O64) -> Partiel | H70: =IF(Inscriptions!B64="","",IF(Inscriptions!S64="","—",Inscriptions!S64&" j")) -> — | I70: =IF(Inscriptions!B64="","",IF(Inscriptions!O64="Payé","✅ Confirmation",IF(AND(Inscriptions!S64<>"",Inscriptions!S64>0),"🔴 Retard","🟡 Rappel"))) -> 🟡 Rappel | J70: =IF(Inscriptions!B64="","",IF(Inscriptions!O64="Payé",SUBSTITUTE(SUBSTITUTE(SUBSTITUTE(SUBSTITUTE(C5,"{MONTANT}",TEXT(Inscriptions!N64,"#,##0")&" MRU"),"{PRENOM}",Inscriptions!C64),"{NOM}",Inscriptions!B64),"{PRESTATION}",E70),IF(AND(Inscriptions!S64<>"",Inscriptions!S64>0),SUBSTITUTE(SUBSTITUTE(SUBSTITUTE(SUBSTITUTE(C4,"{MONTANT}",TEXT(Inscriptions!N64,"#,##0")&" MRU"),"{PRENOM}",Inscriptions!C64),"{NOM}",Inscriptions!B64),"{RETARD}",TEXT(Inscriptions!S64,"0")),SUBSTITUTE(SUBSTITUTE(SUBSTITUTE(SUBSTITUTE(SUBSTITUTE(C3,"{MONTANT}",TEXT(Inscriptions!N64,"#,##0")&" MRU"),"{PRENOM}",Inscriptions!C64),"{NOM}",Inscriptions!B64),"{PRESTATION}",E70),"{DATE_LIMITE}",IF(Inscriptions!R64="","non définie",TEXT(Inscriptions!R64,"DD/MM/YYYY")))))) -> Bonjour, ceci est un rappel de la Fiveur Academy. Le paiement de ,0 MRU pour l'inscription de Karamoko SIDIBÉ (Football) est en attente. Date limite : non définie. Merci de régulariser. Cordialement, Fiveur Academy.
A71: =IF(Inscriptions!B65="","",Inscriptions!A65) -> 63 | B71: =IF(Inscriptions!B65="","",Inscriptions!B65) -> BABY | C71: =IF(Inscriptions!B65="","",Inscriptions!C65) -> Mohamed | D71: =IF(Inscriptions!B65="","",Inscriptions!G65) -> +222 47 62 25 28 | E71: =IF(Inscriptions!B65="","",IF(AND(Inscriptions!I65="Oui",Inscriptions!J65="Oui"),"Football + Loisirs",IF(Inscriptions!I65="Oui","Football",IF(Inscriptions!J65="Oui","Centre Loisirs","")))) -> Football | F71: =IF(Inscriptions!B65="","",Inscriptions!N65) -> 2000 | G71: =IF(Inscriptions!B65="","",Inscriptions!O65) -> Payé | H71: =IF(Inscriptions!B65="","",IF(Inscriptions!S65="","—",Inscriptions!S65&" j")) -> — | I71: =IF(Inscriptions!B65="","",IF(Inscriptions!O65="Payé","✅ Confirmation",IF(AND(Inscriptions!S65<>"",Inscriptions!S65>0),"🔴 Retard","🟡 Rappel"))) -> ✅ Confirmation | J71: =IF(Inscriptions!B65="","",IF(Inscriptions!O65="Payé",SUBSTITUTE(SUBSTITUTE(SUBSTITUTE(SUBSTITUTE(C5,"{MONTANT}",TEXT(Inscriptions!N65,"#,##0")&" MRU"),"{PRENOM}",Inscriptions!C65),"{NOM}",Inscriptions!B65),"{PRESTATION}",E71),IF(AND(Inscriptions!S65<>"",Inscriptions!S65>0),SUBSTITUTE(SUBSTITUTE(SUBSTITUTE(SUBSTITUTE(C4,"{MONTANT}",TEXT(Inscriptions!N65,"#,##0")&" MRU"),"{PRENOM}",Inscriptions!C65),"{NOM}",Inscriptions!B65),"{RETARD}",TEXT(Inscriptions!S65,"0")),SUBSTITUTE(SUBSTITUTE(SUBSTITUTE(SUBSTITUTE(SUBSTITUTE(C3,"{MONTANT}",TEXT(Inscriptions!N65,"#,##0")&" MRU"),"{PRENOM}",Inscriptions!C65),"{NOM}",Inscriptions!B65),"{PRESTATION}",E71),"{DATE_LIMITE}",IF(Inscriptions!R65="","non définie",TEXT(Inscriptions!R65,"DD/MM/YYYY")))))) -> ✅ Bonjour, la Fiveur Academy confirme la réception du paiement de 2000,0 MRU pour Mohamed BABY. Inscription validée pour : Football. Merci de votre confiance ! ⚽ Fiveur Academy — Since 2023.
A72: =IF(Inscriptions!B66="","",Inscriptions!A66) -> 64 | B72: =IF(Inscriptions!B66="","",Inscriptions!B66) -> GADENGA | C72: =IF(Inscriptions!B66="","",Inscriptions!C66) -> Issa | D72: =IF(Inscriptions!B66="","",Inscriptions!G66) -> +222 27 92 96 12 | E72: =IF(Inscriptions!B66="","",IF(AND(Inscriptions!I66="Oui",Inscriptions!J66="Oui"),"Football + Loisirs",IF(Inscriptions!I66="Oui","Football",IF(Inscriptions!J66="Oui","Centre Loisirs","")))) -> Football | F72: =IF(Inscriptions!B66="","",Inscriptions!N66) -> 1000 | G72: =IF(Inscriptions!B66="","",Inscriptions!O66) -> Partiel | H72: =IF(Inscriptions!B66="","",IF(Inscriptions!S66="","—",Inscriptions!S66&" j")) -> — | I72: =IF(Inscriptions!B66="","",IF(Inscriptions!O66="Payé","✅ Confirmation",IF(AND(Inscriptions!S66<>"",Inscriptions!S66>0),"🔴 Retard","🟡 Rappel"))) -> 🟡 Rappel | J72: =IF(Inscriptions!B66="","",IF(Inscriptions!O66="Payé",SUBSTITUTE(SUBSTITUTE(SUBSTITUTE(SUBSTITUTE(C5,"{MONTANT}",TEXT(Inscriptions!N66,"#,##0")&" MRU"),"{PRENOM}",Inscriptions!C66),"{NOM}",Inscriptions!B66),"{PRESTATION}",E72),IF(AND(Inscriptions!S66<>"",Inscriptions!S66>0),SUBSTITUTE(SUBSTITUTE(SUBSTITUTE(SUBSTITUTE(C4,"{MONTANT}",TEXT(Inscriptions!N66,"#,##0")&" MRU"),"{PRENOM}",Inscriptions!C66),"{NOM}",Inscriptions!B66),"{RETARD}",TEXT(Inscriptions!S66,"0")),SUBSTITUTE(SUBSTITUTE(SUBSTITUTE(SUBSTITUTE(SUBSTITUTE(C3,"{MONTANT}",TEXT(Inscriptions!N66,"#,##0")&" MRU"),"{PRENOM}",Inscriptions!C66),"{NOM}",Inscriptions!B66),"{PRESTATION}",E72),"{DATE_LIMITE}",IF(Inscriptions!R66="","non définie",TEXT(Inscriptions!R66,"DD/MM/YYYY")))))) -> Bonjour, ceci est un rappel de la Fiveur Academy. Le paiement de 1000,0 MRU pour l'inscription de Issa GADENGA (Football) est en attente. Date limite : non définie. Merci de régulariser. Cordialement, Fiveur Academy.
A73: =IF(Inscriptions!B67="","",Inscriptions!A67) -> 65 | B73: =IF(Inscriptions!B67="","",Inscriptions!B67) -> SOW | C73: =IF(Inscriptions!B67="","",Inscriptions!C67) -> Moussa | D73: =IF(Inscriptions!B67="","",Inscriptions!G67) -> +222 46 09 50 42 | E73: =IF(Inscriptions!B67="","",IF(AND(Inscriptions!I67="Oui",Inscriptions!J67="Oui"),"Football + Loisirs",IF(Inscriptions!I67="Oui","Football",IF(Inscriptions!J67="Oui","Centre Loisirs","")))) -> Football | F73: =IF(Inscriptions!B67="","",Inscriptions!N67) -> 1000 | G73: =IF(Inscriptions!B67="","",Inscriptions!O67) -> Partiel | H73: =IF(Inscriptions!B67="","",IF(Inscriptions!S67="","—",Inscriptions!S67&" j")) -> — | I73: =IF(Inscriptions!B67="","",IF(Inscriptions!O67="Payé","✅ Confirmation",IF(AND(Inscriptions!S67<>"",Inscriptions!S67>0),"🔴 Retard","🟡 Rappel"))) -> 🟡 Rappel | J73: =IF(Inscriptions!B67="","",IF(Inscriptions!O67="Payé",SUBSTITUTE(SUBSTITUTE(SUBSTITUTE(SUBSTITUTE(C5,"{MONTANT}",TEXT(Inscriptions!N67,"#,##0")&" MRU"),"{PRENOM}",Inscriptions!C67),"{NOM}",Inscriptions!B67),"{PRESTATION}",E73),IF(AND(Inscriptions!S67<>"",Inscriptions!S67>0),SUBSTITUTE(SUBSTITUTE(SUBSTITUTE(SUBSTITUTE(C4,"{MONTANT}",TEXT(Inscriptions!N67,"#,##0")&" MRU"),"{PRENOM}",Inscriptions!C67),"{NOM}",Inscriptions!B67),"{RETARD}",TEXT(Inscriptions!S67,"0")),SUBSTITUTE(SUBSTITUTE(SUBSTITUTE(SUBSTITUTE(SUBSTITUTE(C3,"{MONTANT}",TEXT(Inscriptions!N67,"#,##0")&" MRU"),"{PRENOM}",Inscriptions!C67),"{NOM}",Inscriptions!B67),"{PRESTATION}",E73),"{DATE_LIMITE}",IF(Inscriptions!R67="","non définie",TEXT(Inscriptions!R67,"DD/MM/YYYY")))))) -> Bonjour, ceci est un rappel de la Fiveur Academy. Le paiement de 1000,0 MRU pour l'inscription de Moussa SOW (Football) est en attente. Date limite : non définie. Merci de régulariser. Cordialement, Fiveur Academy.
A74: =IF(Inscriptions!B68="","",Inscriptions!A68) -> 66 | B74: =IF(Inscriptions!B68="","",Inscriptions!B68) -> BA | C74: =IF(Inscriptions!B68="","",Inscriptions!C68) -> Badara Ali | D74: =IF(Inscriptions!B68="","",Inscriptions!G68) -> +222 44 24 35 63 | E74: =IF(Inscriptions!B68="","",IF(AND(Inscriptions!I68="Oui",Inscriptions!J68="Oui"),"Football + Loisirs",IF(Inscriptions!I68="Oui","Football",IF(Inscriptions!J68="Oui","Centre Loisirs","")))) -> Football | F74: =IF(Inscriptions!B68="","",Inscriptions!N68) -> 1000 | G74: =IF(Inscriptions!B68="","",Inscriptions!O68) -> Partiel | H74: =IF(Inscriptions!B68="","",IF(Inscriptions!S68="","—",Inscriptions!S68&" j")) -> — | I74: =IF(Inscriptions!B68="","",IF(Inscriptions!O68="Payé","✅ Confirmation",IF(AND(Inscriptions!S68<>"",Inscriptions!S68>0),"🔴 Retard","🟡 Rappel"))) -> 🟡 Rappel | J74: =IF(Inscriptions!B68="","",IF(Inscriptions!O68="Payé",SUBSTITUTE(SUBSTITUTE(SUBSTITUTE(SUBSTITUTE(C5,"{MONTANT}",TEXT(Inscriptions!N68,"#,##0")&" MRU"),"{PRENOM}",Inscriptions!C68),"{NOM}",Inscriptions!B68),"{PRESTATION}",E74),IF(AND(Inscriptions!S68<>"",Inscriptions!S68>0),SUBSTITUTE(SUBSTITUTE(SUBSTITUTE(SUBSTITUTE(C4,"{MONTANT}",TEXT(Inscriptions!N68,"#,##0")&" MRU"),"{PRENOM}",Inscriptions!C68),"{NOM}",Inscriptions!B68),"{RETARD}",TEXT(Inscriptions!S68,"0")),SUBSTITUTE(SUBSTITUTE(SUBSTITUTE(SUBSTITUTE(SUBSTITUTE(C3,"{MONTANT}",TEXT(Inscriptions!N68,"#,##0")&" MRU"),"{PRENOM}",Inscriptions!C68),"{NOM}",Inscriptions!B68),"{PRESTATION}",E74),"{DATE_LIMITE}",IF(Inscriptions!R68="","non définie",TEXT(Inscriptions!R68,"DD/MM/YYYY")))))) -> Bonjour, ceci est un rappel de la Fiveur Academy. Le paiement de 1000,0 MRU pour l'inscription de Badara Ali BA (Football) est en attente. Date limite : non définie. Merci de régulariser. Cordialement, Fiveur Academy.
A75: =IF(Inscriptions!B69="","",Inscriptions!A69) -> 67 | B75: =IF(Inscriptions!B69="","",Inscriptions!B69) -> BA | C75: =IF(Inscriptions!B69="","",Inscriptions!C69) -> Cheikh Tidjan | D75: =IF(Inscriptions!B69="","",Inscriptions!G69) -> +222 46 83 14 90 | E75: =IF(Inscriptions!B69="","",IF(AND(Inscriptions!I69="Oui",Inscriptions!J69="Oui"),"Football + Loisirs",IF(Inscriptions!I69="Oui","Football",IF(Inscriptions!J69="Oui","Centre Loisirs","")))) -> Football | F75: =IF(Inscriptions!B69="","",Inscriptions!N69) -> 1000 | G75: =IF(Inscriptions!B69="","",Inscriptions!O69) -> Partiel | H75: =IF(Inscriptions!B69="","",IF(Inscriptions!S69="","—",Inscriptions!S69&" j")) -> — | I75: =IF(Inscriptions!B69="","",IF(Inscriptions!O69="Payé","✅ Confirmation",IF(AND(Inscriptions!S69<>"",Inscriptions!S69>0),"🔴 Retard","🟡 Rappel"))) -> 🟡 Rappel | J75: =IF(Inscriptions!B69="","",IF(Inscriptions!O69="Payé",SUBSTITUTE(SUBSTITUTE(SUBSTITUTE(SUBSTITUTE(C5,"{MONTANT}",TEXT(Inscriptions!N69,"#,##0")&" MRU"),"{PRENOM}",Inscriptions!C69),"{NOM}",Inscriptions!B69),"{PRESTATION}",E75),IF(AND(Inscriptions!S69<>"",Inscriptions!S69>0),SUBSTITUTE(SUBSTITUTE(SUBSTITUTE(SUBSTITUTE(C4,"{MONTANT}",TEXT(Inscriptions!N69,"#,##0")&" MRU"),"{PRENOM}",Inscriptions!C69),"{NOM}",Inscriptions!B69),"{RETARD}",TEXT(Inscriptions!S69,"0")),SUBSTITUTE(SUBSTITUTE(SUBSTITUTE(SUBSTITUTE(SUBSTITUTE(C3,"{MONTANT}",TEXT(Inscriptions!N69,"#,##0")&" MRU"),"{PRENOM}",Inscriptions!C69),"{NOM}",Inscriptions!B69),"{PRESTATION}",E75),"{DATE_LIMITE}",IF(Inscriptions!R69="","non définie",TEXT(Inscriptions!R69,"DD/MM/YYYY")))))) -> Bonjour, ceci est un rappel de la Fiveur Academy. Le paiement de 1000,0 MRU pour l'inscription de Cheikh Tidjan BA (Football) est en attente. Date limite : non définie. Merci de régulariser. Cordialement, Fiveur Academy.
A76: =IF(Inscriptions!B70="","",Inscriptions!A70) -> 68 | B76: =IF(Inscriptions!B70="","",Inscriptions!B70) -> M'BODJ | C76: =IF(Inscriptions!B70="","",Inscriptions!C70) -> Seyidouna Mohamed | D76: =IF(Inscriptions!B70="","",Inscriptions!G70) -> +222 44 72 88 70 | E76: =IF(Inscriptions!B70="","",IF(AND(Inscriptions!I70="Oui",Inscriptions!J70="Oui"),"Football + Loisirs",IF(Inscriptions!I70="Oui","Football",IF(Inscriptions!J70="Oui","Centre Loisirs","")))) -> Football | F76: =IF(Inscriptions!B70="","",Inscriptions!N70) -> 3000 | G76: =IF(Inscriptions!B70="","",Inscriptions!O70) -> Payé | H76: =IF(Inscriptions!B70="","",IF(Inscriptions!S70="","—",Inscriptions!S70&" j")) -> — | I76: =IF(Inscriptions!B70="","",IF(Inscriptions!O70="Payé","✅ Confirmation",IF(AND(Inscriptions!S70<>"",Inscriptions!S70>0),"🔴 Retard","🟡 Rappel"))) -> ✅ Confirmation | J76: =IF(Inscriptions!B70="","",IF(Inscriptions!O70="Payé",SUBSTITUTE(SUBSTITUTE(SUBSTITUTE(SUBSTITUTE(C5,"{MONTANT}",TEXT(Inscriptions!N70,"#,##0")&" MRU"),"{PRENOM}",Inscriptions!C70),"{NOM}",Inscriptions!B70),"{PRESTATION}",E76),IF(AND(Inscriptions!S70<>"",Inscriptions!S70>0),SUBSTITUTE(SUBSTITUTE(SUBSTITUTE(SUBSTITUTE(C4,"{MONTANT}",TEXT(Inscriptions!N70,"#,##0")&" MRU"),"{PRENOM}",Inscriptions!C70),"{NOM}",Inscriptions!B70),"{RETARD}",TEXT(Inscriptions!S70,"0")),SUBSTITUTE(SUBSTITUTE(SUBSTITUTE(SUBSTITUTE(SUBSTITUTE(C3,"{MONTANT}",TEXT(Inscriptions!N70,"#,##0")&" MRU"),"{PRENOM}",Inscriptions!C70),"{NOM}",Inscriptions!B70),"{PRESTATION}",E76),"{DATE_LIMITE}",IF(Inscriptions!R70="","non définie",TEXT(Inscriptions!R70,"DD/MM/YYYY")))))) -> ✅ Bonjour, la Fiveur Academy confirme la réception du paiement de 3000,0 MRU pour Seyidouna Mohamed M'BODJ. Inscription validée pour : Football. Merci de votre confiance ! ⚽ Fiveur Academy — Since 2023.
A77: =IF(Inscriptions!B71="","",Inscriptions!A71) -> 69 | B77: =IF(Inscriptions!B71="","",Inscriptions!B71) -> DIA | C77: =IF(Inscriptions!B71="","",Inscriptions!C71) -> Abdoul | D77: =IF(Inscriptions!B71="","",Inscriptions!G71) -> +222 47 72 25 00 | E77: =IF(Inscriptions!B71="","",IF(AND(Inscriptions!I71="Oui",Inscriptions!J71="Oui"),"Football + Loisirs",IF(Inscriptions!I71="Oui","Football",IF(Inscriptions!J71="Oui","Centre Loisirs","")))) -> Football | F77: =IF(Inscriptions!B71="","",Inscriptions!N71) -> 1000 | G77: =IF(Inscriptions!B71="","",Inscriptions!O71) -> Partiel | H77: =IF(Inscriptions!B71="","",IF(Inscriptions!S71="","—",Inscriptions!S71&" j")) -> — | I77: =IF(Inscriptions!B71="","",IF(Inscriptions!O71="Payé","✅ Confirmation",IF(AND(Inscriptions!S71<>"",Inscriptions!S71>0),"🔴 Retard","🟡 Rappel"))) -> 🟡 Rappel | J77: =IF(Inscriptions!B71="","",IF(Inscriptions!O71="Payé",SUBSTITUTE(SUBSTITUTE(SUBSTITUTE(SUBSTITUTE(C5,"{MONTANT}",TEXT(Inscriptions!N71,"#,##0")&" MRU"),"{PRENOM}",Inscriptions!C71),"{NOM}",Inscriptions!B71),"{PRESTATION}",E77),IF(AND(Inscriptions!S71<>"",Inscriptions!S71>0),SUBSTITUTE(SUBSTITUTE(SUBSTITUTE(SUBSTITUTE(C4,"{MONTANT}",TEXT(Inscriptions!N71,"#,##0")&" MRU"),"{PRENOM}",Inscriptions!C71),"{NOM}",Inscriptions!B71),"{RETARD}",TEXT(Inscriptions!S71,"0")),SUBSTITUTE(SUBSTITUTE(SUBSTITUTE(SUBSTITUTE(SUBSTITUTE(C3,"{MONTANT}",TEXT(Inscriptions!N71,"#,##0")&" MRU"),"{PRENOM}",Inscriptions!C71),"{NOM}",Inscriptions!B71),"{PRESTATION}",E77),"{DATE_LIMITE}",IF(Inscriptions!R71="","non définie",TEXT(Inscriptions!R71,"DD/MM/YYYY")))))) -> Bonjour, ceci est un rappel de la Fiveur Academy. Le paiement de 1000,0 MRU pour l'inscription de Abdoul DIA (Football) est en attente. Date limite : non définie. Merci de régulariser. Cordialement, Fiveur Academy.
A78: =IF(Inscriptions!B72="","",Inscriptions!A72) -> 70 | B78: =IF(Inscriptions!B72="","",Inscriptions!B72) -> DJIMERA | C78: =IF(Inscriptions!B72="","",Inscriptions!C72) -> Woury | D78: =IF(Inscriptions!B72="","",Inscriptions!G72) -> +222 43 49 89 62 | E78: =IF(Inscriptions!B72="","",IF(AND(Inscriptions!I72="Oui",Inscriptions!J72="Oui"),"Football + Loisirs",IF(Inscriptions!I72="Oui","Football",IF(Inscriptions!J72="Oui","Centre Loisirs","")))) -> Football | F78: =IF(Inscriptions!B72="","",Inscriptions!N72) -> 1000 | G78: =IF(Inscriptions!B72="","",Inscriptions!O72) -> Partiel | H78: =IF(Inscriptions!B72="","",IF(Inscriptions!S72="","—",Inscriptions!S72&" j")) -> — | I78: =IF(Inscriptions!B72="","",IF(Inscriptions!O72="Payé","✅ Confirmation",IF(AND(Inscriptions!S72<>"",Inscriptions!S72>0),"🔴 Retard","🟡 Rappel"))) -> 🟡 Rappel | J78: =IF(Inscriptions!B72="","",IF(Inscriptions!O72="Payé",SUBSTITUTE(SUBSTITUTE(SUBSTITUTE(SUBSTITUTE(C5,"{MONTANT}",TEXT(Inscriptions!N72,"#,##0")&" MRU"),"{PRENOM}",Inscriptions!C72),"{NOM}",Inscriptions!B72),"{PRESTATION}",E78),IF(AND(Inscriptions!S72<>"",Inscriptions!S72>0),SUBSTITUTE(SUBSTITUTE(SUBSTITUTE(SUBSTITUTE(C4,"{MONTANT}",TEXT(Inscriptions!N72,"#,##0")&" MRU"),"{PRENOM}",Inscriptions!C72),"{NOM}",Inscriptions!B72),"{RETARD}",TEXT(Inscriptions!S72,"0")),SUBSTITUTE(SUBSTITUTE(SUBSTITUTE(SUBSTITUTE(SUBSTITUTE(C3,"{MONTANT}",TEXT(Inscriptions!N72,"#,##0")&" MRU"),"{PRENOM}",Inscriptions!C72),"{NOM}",Inscriptions!B72),"{PRESTATION}",E78),"{DATE_LIMITE}",IF(Inscriptions!R72="","non définie",TEXT(Inscriptions!R72,"DD/MM/YYYY")))))) -> Bonjour, ceci est un rappel de la Fiveur Academy. Le paiement de 1000,0 MRU pour l'inscription de Woury DJIMERA (Football) est en attente. Date limite : non définie. Merci de régulariser. Cordialement, Fiveur Academy.
